geo,year,net_migration_rate,natural_growth_rate,total_growth_rate
AT,1960,-0.3,5.1692759358129035,4.869275935812904
AT,1961,-0.4,6.495682119520268,6.0956821195202675
AT,1962,0.2,5.965049612375181,6.1650496123751815
AT,1963,0.7,6.044611836085452,6.744611836085452
AT,1964,0.4,6.2168410835970676,6.616841083597068
AT,1965,1.4,4.918869218869605,6.3188692188696045
AT,1966,2.6,5.091463870239169,7.691463870239168
AT,1967,2.9,4.349021565383824,7.249021565383824
AT,1968,-0.9,4.06559463694298,3.16559463694298
AT,1969,0.7,3.051312460212566,3.7513124602125663
AT,1970,1.4,1.8084162582013865,3.208416258201386
AT,1971,4.2,1.4943114280862626,5.694311428086262
AT,1972,4.7,1.1579470330299406,5.857947033029941
AT,1973,4.5,0.696890451807838,5.196890451807838
AT,1974,-2.2,0.40837470548636823,-1.791625294513632
AT,1975,-3.2,-0.300830471229069,-3.500830471229069
AT,1976,1.0,-1.0169864763533463,-0.01698647635334627
AT,1977,1.7,-0.8997349965190949,0.800265003480905
AT,1978,-1.2,-1.2170963001197022,-2.4170963001197023
AT,1979,-0.3,-0.7445742330183721,-1.044574233018372
AT,1980,1.2,-0.2080699602771916,0.9919300397228084
AT,1981,3.9,0.18296575574786525,4.082965755747865
AT,1982,-3.1,0.4616240252296451,-2.638375974770355
AT,1983,-0.2,-0.3864262970828979,-0.586426297082898
AT,1984,0.4,0.1015922065020335,0.5015922065020335
AT,1985,0.7,-0.2826833445432661,0.41731665545673385
AT,1986,0.8,-0.014140839590544721,0.7858591604094554
AT,1987,0.2,0.22210918686909503,0.42210918686909504
AT,1988,1.7,0.6321011562475128,2.332101156247513
AT,1989,5.9,0.7047376886526302,6.60473768865263
AT,1990,7.6,0.9813183256946076,8.581318325694607
AT,1991,9.9,1.452622410769611,11.352622410769612
AT,1992,9.1,1.5566299807190733,10.656629980719073
AT,1993,4.2,1.6124287172666503,5.81242871726665
AT,1994,0.4,1.47955300876078,1.8795530087607801
AT,1995,0.3,0.9439177167614885,1.2439177167614885
AT,1996,0.5,1.0082902608515685,1.5082902608515685
AT,1997,0.2,0.5791612920883781,0.7791612920883781
AT,1998,1.1,0.3630608311307978,1.463060831130798
AT,1999,2.5,-0.0077670282385344565,2.4922329717614655
AT,2000,2.2,0.18594918938400082,2.385949189384001
AT,2001,5.2,0.08614943923073413,5.286149439230734
AT,2002,4.3,0.2812625563641234,4.581262556364123
AT,2003,5.2,-0.032714946767843506,5.167285053232157
AT,2004,6.6,0.5742656528839226,7.174265652883922
AT,2005,6.1,0.3659149660440422,6.465914966044042
AT,2006,3.0,0.438438253622537,3.438438253622537
AT,2007,2.8,0.19618533610592512,2.996185336105925
AT,2008,2.9,0.3212570454775518,3.2212570454775515
AT,2009,2.1,-0.12441507219613479,1.9755849278038653
AT,2010,2.6,0.1847540657568816,2.7847540657568817
AT,2011,3.7,0.19462305454555873,3.894623054545559
AT,2012,5.2,-0.05756339614998404,5.142436603850016
AT,2013,6.6,-0.023190161692219227,6.57680983830778
AT,2014,8.6,0.4078616928070358,9.007861692807035
AT,2015,13.2,0.15236007858425338,13.352360078584253
AT,2016,7.5,0.805243762090581,8.305243762090582
AT,2017,5.1,0.4973289797574681,5.597328979757468
AT,2018,4.0,0.17682529898494345,4.1768252989849435
AT,2019,4.6,0.17677387674932482,4.776773876749324
AT,2020,4.4,-0.8983195716826662,3.501680428317334
AT,2021,5.8,-0.6587060702160072,5.141293929783993
AT,2022,15.1,-1.1922357332372269,13.907764266762772
AT,2023,7.2,-1.3350142101306874,5.864985789869313
AT,2024,5.4,-1.2281151903917018,4.171884809608299
AT,2025,,,
BE,1960,1.0,4.3511628661041115,5.3511628661041115
BE,1961,-4.3,5.605266592824657,1.3052665928246574
BE,1962,2.1,4.60328533742137,6.70328533742137
BE,1963,3.7,4.591081968659061,8.29108196865906
BE,1964,5.3,5.439248998137461,10.73924899813746
BE,1965,3.2,4.290472099362544,7.490472099362544
BE,1966,2.3,3.735353819055305,6.035353819055304
BE,1967,1.9,3.2419179647523437,5.141917964752343
BE,1968,0.6,2.1071039698609177,2.707103969860918
BE,1969,0.7,2.2143064044410714,2.9143064044410716
BE,1970,-3.4,2.4335015777181193,-0.9664984222818807
BE,1971,2.3,2.285372291042203,4.585372291042203
BE,1972,1.3,1.9473194394979298,3.2473194394979297
BE,1973,1.9,1.1483676627068373,3.0483676627068372
BE,1974,2.5,0.7702486217008196,3.2702486217008198
BE,1975,2.5,0.027379772151257305,2.5273797721512574
BE,1976,0.8,0.24385640821623877,1.043856408216239
BE,1977,0.5,0.9345126516521635,1.4345126516521636
BE,1978,-0.3,0.7323063492403948,0.43230634924039485
BE,1979,0.2,1.2005095891401993,1.4005095891401993
BE,1980,-0.2,1.085731158759263,0.8857311587592631
BE,1981,-2.1,1.1624825338672142,-0.9375174661327859
BE,1982,-0.5,0.8493504904161908,0.3493504904161908
BE,1983,-0.8,0.26202024200201723,-0.5379797579979828
BE,1984,0.0,0.5038047713884358,0.5038047713884358
BE,1985,-0.1,0.2515794472170596,0.1515794472170596
BE,1986,0.0,0.5853597183051448,0.5853597183051448
BE,1987,-0.1,1.2071262619806622,1.107126261980662
BE,1988,3.7,1.5393314267036435,5.239331426703644
BE,1989,0.7,1.3666932188727763,2.0666932188727762
BE,1990,2.0,1.974912598607408,3.974912598607408
BE,1991,1.3,2.180339892710255,3.480339892710255
BE,1992,2.6,2.0528842704702464,4.652884270470246
BE,1993,1.8,1.3928839561003181,3.192883956100318
BE,1994,1.7,1.260812319547165,2.960812319547165
BE,1995,0.2,1.0507795510896027,1.2507795510896027
BE,1996,1.5,1.1995409269029316,2.6995409269029316
BE,1997,1.0,1.2155088785637604,2.21550887856376
BE,1998,1.2,0.9481701023442878,2.1481701023442876
BE,1999,1.6,0.9072082423775317,2.5072082423775317
BE,2000,1.3,1.1224635795093019,2.422463579509302
BE,2001,3.3,1.1618940831968776,4.461894083196878
BE,2002,3.7,0.7230066757357737,4.423006675735774
BE,2003,3.2,0.6726636670077301,3.87266366700773
BE,2004,3.2,1.5427424495410489,4.7427424495410495
BE,2005,4.7,1.56464020359469,6.26464020359469
BE,2006,4.9,1.9923165193691945,6.892316519369195
BE,2007,5.5,2.214268478895717,7.7142684788957165
BE,2008,5.9,2.12039787506471,8.02039787506471
BE,2009,5.9,2.170912891934218,8.070912891934219
BE,2010,7.9,2.301496184699036,10.201496184699035
BE,2011,4.6,2.2192349207382334,6.819234920738233
BE,2012,3.9,1.713180765896083,5.613180765896082
BE,2013,2.4,1.4609479246405137,3.860947924640514
BE,2014,3.2,1.8119389956389682,5.011938995638968
BE,2015,5.5,1.0441144355828649,6.544114435582864
BE,2016,2.4,1.2199502489453518,3.6199502489453517
BE,2017,3.2,0.8830374444346661,4.083037444434666
BE,2018,4.3,0.6690301755769947,4.969030175576995
BE,2019,5.0,0.7779656251279405,5.7779656251279405
BE,2020,3.9,-1.0888318793588858,2.8111681206411143
BE,2021,4.9,0.5208240027687274,5.420824002768728
BE,2022,10.9,-0.20047130122917572,10.699528698770825
BE,2023,6.4,-0.044793420578880874,6.35520657942112
BE,2024,7.2,-0.23846806355808567,6.961531936441914
BE,2025,,,
BG,1960,0.0,9.760454582727379,9.760454582727379
BG,1961,0.0,9.524885326700316,9.524885326700316
BG,1962,0.0,8.082965802393614,8.082965802393614
BG,1963,0.0,8.214381867950884,8.214381867950884
BG,1964,0.0,8.196019988332084,8.196019988332084
BG,1965,-0.7,7.192988312998995,6.492988312998995
BG,1966,0.0,6.642498871310985,6.642498871310985
BG,1967,0.0,6.021007021450576,6.021007021450576
BG,1968,0.0,8.312291859775126,8.312291859775126
BG,1969,-0.3,7.481723163035098,7.181723163035098
BG,1970,-1.3,7.283562989056107,5.983562989056107
BG,1971,-1.1,6.179415501070302,5.079415501070303
BG,1972,-1.2,5.508590536049356,4.308590536049356
BG,1973,-0.6,6.7767813645319155,6.176781364531916
BG,1974,-0.2,7.3960617246260165,7.196061724626016
BG,1975,-3.8,6.2794135830923565,2.4794135830923567
BG,1976,-0.3,6.480149766922592,6.180149766922592
BG,1977,-1.2,5.388262806542812,4.188262806542812
BG,1978,-6.9,4.986850817933304,-1.9131491820666966
BG,1979,0.0,4.651090425465466,4.651090425465466
BG,1980,0.0,3.4183330946302894,3.4183330946302894
BG,1981,0.0,3.2592243111479418,3.2592243111479418
BG,1982,0.0,2.6806785542683853,2.6806785542683853
BG,1983,0.0,2.33063346731872,2.33063346731872
BG,1984,0.0,2.33337027873518,2.33337027873518
BG,1985,-3.7,1.2785337636578507,-2.4214662363421495
BG,1986,0.1,1.7920910671427999,1.8920910671428
BG,1987,0.0,1.0549311422944747,1.0549311422944747
BG,1988,0.0,1.12017762418737,1.12017762418737
BG,1989,-25.3,0.5994456657641413,-24.70055433423586
BG,1990,-10.9,-0.3909980121606313,-11.290998012160632
BG,1991,-6.9,-1.6740742500895982,-8.574074250089598
BG,1992,-10.7,-2.19464566489422,-12.89464566489422
BG,1993,0.0,-2.962923502713008,-2.962923502713008
BG,1994,0.0,-3.8281214260966885,-3.8281214260966885
BG,1995,0.0,-5.067151053857778,-5.067151053857778
BG,1996,0.1,-5.351165782021214,-5.251165782021214
BG,1997,0.0,-6.922004916474601,-6.922004916474601
BG,1998,0.0,-6.37784914042882,-6.37784914042882
BG,1999,0.0,-4.798811621007121,-4.798811621007121
BG,2000,0.0,-5.05538113383721,-5.05538113383721
BG,2001,-29.5,-5.422194430360362,-34.92219443036036
BG,2002,-2.2,-5.860857066788328,-8.060857066788328
BG,2003,-2.0,-5.7098156096478565,-7.7098156096478565
BG,2004,-2.1,-5.1934456505473685,-7.293445650547369
BG,2005,-2.2,-5.501541053196737,-7.701541053196737
BG,2006,-2.3,-5.1721170722986205,-7.47211707229862
BG,2007,-2.3,-4.972484616726485,-7.2724846167264845
BG,2008,-2.4,-4.364324457482188,-6.7643244574821875
BG,2009,-2.5,-3.6308514702926256,-6.130851470292626
BG,2010,-2.4,-4.668969622593869,-7.068969622593869
BG,2011,-0.7,-5.076647030143847,-5.776647030143847
BG,2012,-0.3,-5.480929749110986,-5.780929749110986
BG,2013,-6.6,-5.243555204569044,-11.843555204569043
BG,2014,-6.6,-5.812051024432477,-12.412051024432476
BG,2015,-6.7,-6.28292286004077,-12.98292286004077
BG,2016,-6.8,-6.138849900969324,-12.938849900969323
BG,2017,-6.8,-6.691857733639067,-13.491857733639067
BG,2018,-7.0,-6.85602104235671,-13.85602104235671
BG,2019,-7.3,-6.98435830861035,-14.28435830861035
BG,2020,4.3,-9.993340208774942,-5.693340208774942
BG,2021,6.3,-13.826604759222777,-7.526604759222777
BG,2022,4.2,-9.597864028665555,-5.397864028665555
BG,2023,6.4,-6.794505336003015,-0.3945053360030144
BG,2024,6.1,-7.3397159963701695,-1.2397159963701698
BG,2025,,,
CY,1960,,,
CY,1961,-11.3,15.43501532517618,4.1350153251761785
CY,1962,-9.8,15.082479597152284,5.2824795971522835
CY,1963,-3.3,14.72275004318535,11.42275004318535
CY,1964,-8.7,13.694278394534587,4.994278394534588
CY,1965,-4.8,12.994561522773623,8.194561522773622
CY,1966,-5.6,12.23701955495617,6.63701955495617
CY,1967,-3.5,11.416848099145872,7.916848099145872
CY,1968,-2.4,10.709538052509139,8.309538052509138
CY,1969,-1.5,10.05273566249176,8.55273566249176
CY,1970,-1.5,9.48202614379085,7.982026143790851
CY,1971,0.9,9.171664775490356,10.071664775490357
CY,1972,4.9,8.950409244102069,13.85040924410207
CY,1973,0.7,8.789479848934278,9.489479848934277
CY,1974,-30.5,4.684854186265286,-25.815145813734713
CY,1975,-23.7,8.060114692505438,-15.639885307494561
CY,1976,-10.7,10.108881876921902,-0.5911181230780969
CY,1977,-8.4,9.208199356913184,0.8081993569131836
CY,1978,-3.8,10.451807228915662,6.651807228915662
CY,1979,-2.3,11.312587273089965,9.012587273089967
CY,1980,1.6,11.198102016607354,12.798102016607354
CY,1981,9.2,11.257075932071052,20.45707593207105
CY,1982,-8.9,12.280886304736587,3.3808863047365865
CY,1983,1.0,12.155395398219293,13.155395398219293
CY,1984,0.3,12.641152322216746,12.941152322216746
CY,1985,0.4,11.086614524226547,11.486614524226548
CY,1986,0.3,11.222812864369589,11.52281286436959
CY,1987,0.5,9.847736745037103,10.347736745037103
CY,1988,0.5,10.508746209017866,11.008746209017866
CY,1989,8.0,9.666016815563728,17.66601681556373
CY,1990,15.0,10.089844670875134,25.089844670875134
CY,1991,17.7,9.140904825246405,26.840904825246405
CY,1992,16.4,10.201154428431906,26.601154428431904
CY,1993,12.8,9.245338169439192,22.04533816943919
CY,1994,11.0,8.618455977148058,19.61845597714806
CY,1995,9.2,7.644883242769201,16.8448832427692
CY,1996,8.0,7.130526729571726,15.130526729571727
CY,1997,7.2,6.156265899059451,13.356265899059451
CY,1998,6.2,5.105040616692461,11.305040616692462
CY,1999,6.1,5.030298947664389,11.13029894766439
CY,2000,5.7,4.477934009850876,10.177934009850876
CY,2001,6.6,4.7881940910244305,11.388194091024431
CY,2002,7.7,3.848121790574299,11.5481217905743
CY,2003,8.7,4.046404752564031,12.74640475256403
CY,2004,9.7,4.266191538720116,13.966191538720114
CY,2005,11.0,3.844123388448805,14.844123388448805
CY,2006,13.7,4.844001381696288,18.544001381696287
CY,2007,19.9,4.200993249911599,24.100993249911596
CY,2008,21.1,5.1665973235711995,26.2665973235712
CY,2009,22.0,5.5538127564528885,27.55381275645289
CY,2010,19.2,5.735283345948189,24.93528334594819
CY,2011,21.3,4.90383458906271,26.203834589062712
CY,2012,-0.7,5.215710704387763,4.515710704387763
CY,2013,-11.6,4.867567398424298,-6.7324326015757014
CY,2014,-3.5,4.457973656794166,0.9579736567941657
CY,2015,-0.5,3.8462163964286296,3.3462163964286296
CY,2016,2.5,4.612370971700603,7.112370971700603
CY,2017,6.3,3.716613134255608,10.016613134255607
CY,2018,9.1,4.053034312503628,13.153034312503628
CY,2019,10.0,3.7171672691570605,13.717167269157061
CY,2020,9.4,3.8872864236410845,13.287286423641085
CY,2021,13.2,3.397574129884218,16.59757412988422
CY,2022,17.5,3.1212221596017913,20.621222159601793
CY,2023,14.4,3.686712661892941,18.086712661892943
CY,2024,10.6,3.3010301490637595,13.901030149063759
CY,2025,,,
CZ,1960,-11.1,3.633179218580097,-7.466820781419903
CZ,1961,0.5,3.768069401219213,4.268069401219213
CZ,1962,0.6,3.0434690738513037,3.643469073851304
CZ,1963,0.9,5.051860101091132,5.951860101091133
CZ,1964,0.5,5.40623077479032,5.90623077479032
CZ,1965,0.4,4.338677604275089,4.7386776042750895
CZ,1966,0.2,3.6091577404334316,3.809157740433432
CZ,1967,-0.3,2.996099917559233,2.6960999175592333
CZ,1968,-0.2,2.254407710678465,2.054407710678465
CZ,1969,-0.3,2.2770016161128206,1.9770016161128205
CZ,1970,-12.3,2.476966072893342,-9.823033927106659
CZ,1971,0.3,3.242209954731389,3.5422099547313888
CZ,1972,0.3,4.516067819034653,4.816067819034653
CZ,1973,0.5,5.794282694027541,6.294282694027541
CZ,1974,0.3,6.772273925147917,7.0722739251479165
CZ,1975,0.2,6.730257366350589,6.930257366350589
CZ,1976,0.3,6.157000643282032,6.457000643282032
CZ,1977,0.1,5.468321702973334,5.568321702973334
CZ,1978,0.2,5.067456941300024,5.267456941300024
CZ,1979,0.2,4.300608471389458,4.500608471389458
CZ,1980,-4.0,1.7705104729513907,-2.2294895270486093
CZ,1981,0.2,1.3631969090377207,1.5631969090377207
CZ,1982,0.2,1.0644649809646731,1.264464980964673
CZ,1983,0.2,0.28649808268158333,0.48649808268158334
CZ,1984,0.3,0.46027095656370787,0.7602709565637078
CZ,1985,0.2,0.4103000803181761,0.6103000803181762
CZ,1986,0.3,0.07456238119944857,0.37456238119944857
CZ,1987,0.3,0.35546768168463644,0.6554676816846364
CZ,1988,0.2,0.6736861550007599,0.87368615500076
CZ,1989,0.1,0.058783590864663185,0.1587835908646632
CZ,1990,-5.7,0.13491471132015492,-5.565085288679845
CZ,1991,0.3,0.49143067756004666,0.7914306775600466
CZ,1992,1.1,0.1326539280108078,1.232653928010808
CZ,1993,0.5,0.27504196569006434,0.7750419656900643
CZ,1994,1.0,-1.0445119432305727,-0.044511943230572726
CZ,1995,1.0,-2.1112610168369583,-1.1112610168369583
CZ,1996,1.0,-2.1640592542986647,-1.1640592542986647
CZ,1997,1.2,-2.1424683753838947,-0.9424683753838947
CZ,1998,0.9,-1.8440401490417875,-0.9440401490417875
CZ,1999,0.9,-1.9725702239178684,-1.0725702239178685
CZ,2000,-2.7,-1.760150564822402,-4.460150564822403
CZ,2001,-1.4,-1.6653591707684117,-3.065359170768412
CZ,2002,0.7,-1.5152165700013978,-0.8152165700013978
CZ,2003,2.0,-1.7270289597924935,0.2729710402075065
CZ,2004,1.3,-0.9330727046367329,0.3669272953632672
CZ,2005,3.0,-0.5615336231371071,2.438466376862893
CZ,2006,2.9,0.13596024170405327,3.035960241704053
CZ,2007,7.7,0.9748169365763387,8.674816936576338
CZ,2008,6.5,1.4136520776199597,7.913652077619959
CZ,2009,2.4,1.0480747585097445,3.4480747585097444
CZ,2010,1.4,0.9853673568794299,2.3853673568794296
CZ,2011,1.6,0.17402944730822217,1.7740294473082223
CZ,2012,1.0,0.036838039702268684,1.0368380397022687
CZ,2013,-0.1,-0.22907677495275114,-0.3290767749527511
CZ,2014,2.1,0.39905182622572405,2.499051826225724
CZ,2015,1.5,-0.0388109059594668,1.4611890940405332
CZ,2016,1.9,0.46551763182378214,2.3655176318237823
CZ,2017,2.7,0.27999342081631035,2.9799934208163106
CZ,2018,3.6,0.10518324363068807,3.705183243630688
CZ,2019,4.1,-0.012300700482638172,4.087699299517362
CZ,2020,2.5,-1.785029819227508,0.714970180772492
CZ,2021,4.8,-2.6773167298660026,2.1226832701339973
CZ,2022,30.9,-1.7990422287128471,29.100957771287153
CZ,2023,8.7,-1.9991634287010451,6.700836571298954
CZ,2024,3.4,-2.5595027042201064,0.8404972957798935
CZ,2025,,,
DE,1960,6.8,5.893669242939476,12.693669242939475
DE,1961,4.4,6.882372328504996,11.282372328504996
DE,1962,5.0,6.604322793479767,11.604322793479767
DE,1963,4.1,6.656285264796843,10.756285264796842
DE,1964,5.2,7.2809569679404005,12.4809569679404
DE,1965,5.8,6.259019529625892,12.059019529625893
DE,1966,2.2,6.139037571316705,8.339037571316705
DE,1967,-2.9,5.554385406141803,2.654385406141803
DE,1968,,,
DE,1969,,,
DE,1970,-4.4,1.2413678849491778,-3.1586321150508225
DE,1971,,,
DE,1972,,,
DE,1973,,,
DE,1974,,,
DE,1975,-3.2,-2.399491220365381,-5.5994912203653815
DE,1976,,,
DE,1977,,,
DE,1978,,,
DE,1979,,,
DE,1980,5.1,-1.521175244433786,3.5788247555662136
DE,1981,,,
DE,1982,,,
DE,1983,-1.9,-2.017349563703475,-3.9173495637034748
DE,1984,-2.4,-1.8262450370611394,-4.2262450370611395
DE,1985,1.5,-1.9351750986121763,-0.4351750986121763
DE,1986,3.2,-1.2442872862639514,1.9557127137360488
DE,1987,2.3,-0.7426996665923078,1.557300333407692
DE,1988,7.9,-0.16749382357340112,7.732506176426599
DE,1989,15.8,-0.26238309932011294,15.537616900679888
DE,1990,16.3,0.22119038686540085,16.521190386865403
DE,1991,7.5,-1.0184666258081319,6.481533374191868
DE,1992,9.6,-0.9508491382151886,8.649150861784811
DE,1993,5.7,-1.2204192542671881,4.479580745732812
DE,1994,3.9,-1.414564759958166,2.485435240041834
DE,1995,4.9,-1.4639323658758294,3.436067634124171
DE,1996,3.4,-1.0612644123966684,2.3387355876033316
DE,1997,1.1,-0.5879128024938545,0.5120871975061456
DE,1998,0.6,-0.8207427634265531,-0.22074276342655308
DE,1999,2.5,-0.9213646265098566,1.5786353734901435
DE,2000,2.0,-0.8738432740338697,1.1261567259661303
DE,2001,3.3,-1.1435269392461955,2.1564730607538043
DE,2002,2.7,-1.4851472718279113,1.214852728172089
DE,2003,1.7,-1.7837523874233856,-0.08375238742338564
DE,2004,1.0,-1.3649184444599456,-0.3649184444599456
DE,2005,1.0,-1.7506728930753186,-0.7506728930753186
DE,2006,0.3,-1.8062423764673075,-1.5062423764673074
DE,2007,0.5,-1.7286419545932545,-1.2286419545932545
DE,2008,-0.7,-1.9694631470297619,-2.669463147029762
DE,2009,-0.1,-2.309909242119824,-2.409909242119824
DE,2010,1.6,-2.2104646819219185,-0.6104646819219184
DE,2011,3.7,-2.363975547126592,1.3360244528734082
DE,2012,4.9,-2.440472114918976,2.4595278850810245
DE,2013,5.6,-2.6297335943610967,2.970266405638903
DE,2014,7.2,-1.8996387196165863,5.300361280383414
DE,2015,14.3,-2.3107227993873756,11.989277200612625
DE,2016,5.6,-1.445208536384072,4.154791463615927
DE,2017,5.1,-1.7858464371769187,3.3141535628230807
DE,2018,4.8,-2.021334072274382,2.778665927725618
DE,2019,3.7,-1.9444896448247468,1.7555103551752533
DE,2020,2.4,-2.554243127397451,-0.15424312739745094
DE,2021,3.7,-2.7442115919600822,0.9557884080399179
DE,2022,2.5,-3.9348067816470933,-1.4348067816470933
DE,2023,8.1,-4.033001028254828,4.066998971745171
DE,2024,5.4,-3.9618580056124153,1.438141994387585
DE,2025,,,
DK,1960,-0.9,7.095897342105004,6.195897342105003
DK,1961,0.6,7.211755102040816,7.811755102040816
DK,1962,0.8,7.014392529501316,7.8143925295013155
DK,1963,0.1,7.852838155877551,7.952838155877551
DK,1964,0.3,7.770347274669497,8.070347274669498
DK,1965,-0.4,7.996611691015919,7.5966116910159185
DK,1966,0.4,8.16158207583606,8.56158207583606
DK,1967,0.3,6.968819028649497,7.268819028649497
DK,1968,-0.7,5.615745600315848,4.915745600315848
DK,1969,1.4,4.788998038264002,6.1889980382640015
DK,1970,4.3,4.599426605224137,8.899426605224136
DK,1971,-0.3,5.3530906771262785,5.053090677126279
DK,1972,1.4,5.036524854124674,6.436524854124674
DK,1973,1.4,4.267366518237106,5.667366518237106
DK,1974,-0.3,3.9097062378975824,3.6097062378975826
DK,1975,-2.0,4.189608678362063,2.189608678362063
DK,1976,0.7,2.2241468592365368,2.9241468592365365
DK,1977,1.1,2.2427699557410716,3.3427699557410717
DK,1978,1.1,1.7995043711358087,2.8995043711358086
DK,1979,1.1,0.9410085459618115,2.0410085459618115
DK,1980,0.1,0.26434650868350945,0.3643465086835095
DK,1981,-0.3,-0.6381746721158066,-0.9381746721158066
DK,1982,0.0,-0.5293842440793451,-0.5293842440793451
DK,1983,0.4,-1.2379643441251613,-0.8379643441251613
DK,1984,0.8,-1.0385103665204132,-0.23851036652041313
DK,1985,1.9,-0.9056744643235869,0.994325535676413
DK,1986,2.2,-0.5449279192099405,1.6550720807900596
DK,1987,1.2,-0.3736735564395369,0.826326443560463
DK,1988,0.1,-0.02729441747279429,0.07270558252720571
DK,1989,0.7,0.38091317012159204,1.080913170121592
DK,1990,1.7,0.48817922778886746,2.1881792277888676
DK,1991,2.1,0.9282092246159455,3.0282092246159458
DK,1992,2.2,1.3376271714406043,3.5376271714406045
DK,1993,2.2,0.8802045471830173,3.0802045471830173
DK,1994,2.0,1.6485645922886356,3.6485645922886354
DK,1995,5.5,1.2738418756535532,6.773841875653553
DK,1996,3.3,1.2559447894668985,4.555944789466898
DK,1997,2.3,1.469160612619123,3.769160612619123
DK,1998,2.1,1.4582066381358525,3.558206638135853
DK,1999,1.8,1.3294246041790683,3.1294246041790683
DK,2000,1.9,1.7069354336381477,3.6069354336381476
DK,2001,2.2,1.3310371695868475,3.5310371695868477
DK,2002,1.8,1.0317873970308218,2.831787397030822
DK,2003,1.3,1.3203289231350492,2.620328923135049
DK,2004,0.9,1.6308979479920855,2.5308979479920857
DK,2005,1.2,1.7222883890597729,2.922288389059773
DK,2006,1.9,1.7516484233229583,3.6516484233229582
DK,2007,3.7,1.55642909123487,5.25642909123487
DK,2008,4.6,1.9078522171499972,6.507852217149997
DK,2009,2.8,1.4417256000280145,4.241725600028015
DK,2010,3.0,1.6338623436195172,4.633862343619517
DK,2011,2.4,1.165695673222521,3.565695673222521
DK,2012,3.0,1.00187867931926,4.00187867931926
DK,2013,3.8,0.6073935303218418,4.4073935303218414
DK,2014,4.8,0.9827206434421167,5.782720643442117
DK,2015,7.4,0.9982834824721739,8.398283482472173
DK,2016,5.7,1.5401460352803829,7.240146035280383
DK,2017,4.2,1.4152595103403878,5.615259510340388
DK,2018,3.2,1.0800544524570201,4.28005445245702
DK,2019,1.6,1.2416292504358792,2.8416292504358793
DK,2020,1.9,1.0805866561974102,2.98058665619741
DK,2021,4.6,1.0823546736369327,5.682354673636932
DK,2022,10.2,-0.1711098474142833,10.028890152585715
DK,2023,5.0,-0.15423114174533017,4.84576885825467
DK,2024,5.3,0.0013420006444958095,5.301342000644496
DK,2025,,,
EE,1960,2.4,6.174763462376965,8.574763462376964
EE,1961,7.8,5.912656405131206,13.712656405131206
EE,1962,8.0,5.240623588805626,13.240623588805626
EE,1963,9.6,4.81995576906459,14.41995576906459
EE,1964,9.0,5.422309154435252,14.422309154435252
EE,1965,8.7,4.189659649433786,12.889659649433785
EE,1966,5.1,3.7064327216069137,8.806432721606914
EE,1967,3.2,3.7829361580068217,6.982936158006822
EE,1968,7.3,4.198496640522708,11.498496640522708
EE,1969,5.3,4.20582317168811,9.50582317168811
EE,1970,7.7,4.709833979461988,12.409833979461988
EE,1971,7.1,5.173506095310889,12.27350609531089
EE,1972,5.7,4.501952145194273,10.201952145194273
EE,1973,5.0,4.048192495625652,9.048192495625653
EE,1974,4.0,4.2966440434337745,8.296644043433774
EE,1975,4.0,3.362187191246516,7.362187191246516
EE,1976,3.8,3.101845075036769,6.9018450750367695
EE,1977,4.5,3.380356962372328,7.880356962372328
EE,1978,3.1,2.768047255992857,5.868047255992857
EE,1979,2.7,2.6063930033677574,5.3063930033677575
EE,1980,4.1,2.7204369001283806,6.82043690012838
EE,1981,4.2,3.095300580807382,7.295300580807382
EE,1982,3.6,3.5061634133354764,7.1061634133354765
EE,1983,2.7,3.966768257607849,6.666768257607849
EE,1984,3.0,3.4008325037142932,6.400832503714293
EE,1985,4.1,2.8139411848878164,6.9139411848878165
EE,1986,4.0,3.989372104120005,7.9893721041200045
EE,1987,3.2,4.402109805057738,7.602109805057738
EE,1988,0.7,4.177424706556613,4.877424706556613
EE,1989,-0.5,3.6930065365321507,3.1930065365321507
EE,1990,-3.6,1.7655684232576232,-1.834431576742377
EE,1991,-8.1,-0.19263287681892957,-8.29263287681893
EE,1992,-27.1,-1.3428706303645688,-28.44287063036457
EE,1993,-19.0,-3.991919555509385,-22.991919555509384
EE,1994,-14.3,-5.440935115020664,-19.740935115020665
EE,1995,-10.8,-5.054296220844915,-15.854296220844915
EE,1996,-9.5,-4.054190593267434,-13.554190593267434
EE,1997,-4.9,-4.263881262820093,-9.163881262820095
EE,1998,-4.7,-5.224417367634454,-9.924417367634454
EE,1999,20.2,-4.366182171736982,15.833817828263017
EE,2000,-2.3,-3.808028545941124,-6.108028545941124
EE,2001,-2.4,-4.224826239301511,-6.624826239301511
EE,2002,-2.2,-3.869867221776496,-6.069867221776496
EE,2003,-2.8,-3.720213206902319,-6.520213206902319
EE,2004,-2.7,-2.7030192131747484,-5.4030192131747485
EE,2005,-3.8,-2.1827280420944177,-5.9827280420944176
EE,2006,-4.0,-1.8057303620345007,-5.805730362034501
EE,2007,-2.1,-1.21675155631013,-3.3167515563101304
EE,2008,-1.5,-0.4833985834254804,-1.9833985834254804
EE,2009,-1.6,-0.23807028313893422,-1.8380702831389344
EE,2010,-2.8,0.026250853152727464,-2.773749146847272
EE,2011,-2.9,-0.42492065640840515,-3.324920656408405
EE,2012,-2.8,-1.0519031977404456,-3.8519031977404454
EE,2013,-2.0,-1.297556231224066,-3.297556231224066
EE,2014,-0.5,-1.469047034584544,-1.969047034584544
EE,2015,1.8,-1.0160700297367802,0.7839299702632199
EE,2016,0.8,-1.0175205023921992,-0.2175205023921991
EE,2017,4.0,-1.3369969634435084,2.663003036556492
EE,2018,5.3,-1.0491739650209644,4.250826034979036
EE,2019,4.1,-0.9827750184930784,3.1172249815069213
EE,2020,2.8,-1.9578984120104501,0.8421015879895497
EE,2021,5.3,-3.9960362928812656,1.3039637071187342
EE,2022,29.5,-4.256657926589358,25.24334207341064
EE,2023,10.1,-3.6994356768217505,6.40056432317825
EE,2024,1.0,-4.412640841151476,-3.412640841151476
EE,2025,,,
EL,1960,-4.1,11.647150938165744,7.5471509381657444
EL,1961,-2.0,10.374325156491949,8.374325156491949
EL,1962,-6.6,10.167495745904507,3.567495745904507
EL,1963,-5.8,9.635943689876523,3.8359436898765233
EL,1964,-6.4,9.862716244220403,3.4627162442204025
EL,1965,-3.9,9.88806600427166,5.98806600427166
EL,1966,-1.3,10.121224743290357,8.821224743290356
EL,1967,-3.0,10.510006172225907,7.510006172225907
EL,1968,-4.4,9.99218036197031,5.592180361970309
EL,1969,-7.6,9.388690080814476,1.788690080814476
EL,1970,-5.3,8.083467550988471,2.7834675509884717
EL,1971,-1.8,7.6473879109579475,5.847387910957948
EL,1972,-0.1,7.232379817305549,7.13237981730555
EL,1973,-4.7,6.715819073881296,2.015819073881296
EL,1974,-2.2,7.584899791785309,5.384899791785309
EL,1975,6.5,6.92376370622668,13.42376370622668
EL,1976,10.6,7.111508952305322,17.711508952305323
EL,1977,2.0,6.473685595960546,8.473685595960546
EL,1978,10.6,6.952490193724883,17.552490193724882
EL,1979,0.6,6.902303241728737,7.502303241728737
EL,1980,5.8,6.350566725346675,12.150566725346675
EL,1981,0.2,5.63787042464219,5.83787042464219
EL,1982,1.3,5.221526738303856,6.521526738303856
EL,1983,0.9,4.280047798873289,5.180047798873289
EL,1984,1.0,3.7828823081447096,4.78288230814471
EL,1985,0.6,2.3800594788043754,2.9800594788043755
EL,1986,1.5,2.1147641495210623,3.6147641495210623
EL,1987,2.0,1.0760790383809202,3.0760790383809202
EL,1988,2.7,1.5129999282138744,4.212999928213875
EL,1989,5.3,0.8885373315425384,6.1885373315425385
EL,1990,14.1,0.8002259089416229,14.900225908941623
EL,1991,8.5,0.693294483402645,9.193294483402646
EL,1992,5.6,0.5642816650996998,6.1642816650997
EL,1993,5.2,0.41990390527888233,5.619903905278883
EL,1994,3.8,0.5677858192917721,4.367785819291772
EL,1995,4.8,0.12689857880235644,4.926898578802357
EL,1996,3.9,-0.002077758800914063,3.897922241199086
EL,1997,5.8,0.21638368854597406,6.016383688545974
EL,1998,5.3,-0.16589904846515324,5.134100951534847
EL,1999,2.8,-0.2475862895440244,2.5524137104559754
EL,2000,5.8,-0.18114955166877994,5.61885044833122
EL,2001,4.8,-0.02556296430348905,4.7744370356965105
EL,2002,2.6,-0.03177730464901967,2.5682226953509804
EL,2003,2.4,-0.10159613110206608,2.298403868897934
EL,2004,2.6,0.06517147639170123,2.665171476391701
EL,2005,2.9,0.22370279725124506,3.123702797251245
EL,2006,2.2,0.5966532893715749,2.796653289371575
EL,2007,2.1,0.18403393690907074,2.2840339369090707
EL,2008,2.1,0.9332844043863553,3.0332844043863556
EL,2009,1.3,0.8668067630215927,2.166806763021593
EL,2010,-0.1,0.5110038960224885,0.41100389602248855
EL,2011,-2.9,-0.4199258643406616,-3.3199258643406617
EL,2012,-6.0,-1.4699984828266257,-7.469998482826625
EL,2013,-5.4,-1.6049271080458558,-7.004927108045856
EL,2014,-4.3,-1.975966080484445,-6.275966080484444
EL,2015,-4.2,-2.70178222213299,-6.90178222213299
EL,2016,1.0,-2.400835034349838,-1.400835034349838
EL,2017,0.8,-3.3383502691677243,-2.538350269167724
EL,2018,1.6,-3.1519858413868516,-1.5519858413868515
EL,2019,3.3,-3.8418219646254372,-0.5418219646254374
EL,2020,0.6,-4.318022048660432,-3.718022048660432
EL,2021,-15.0,-5.485440457167172,-20.485440457167172
EL,2022,1.6,-6.117595284175205,-4.517595284175204
EL,2023,4.1,-5.36970392305268,-1.2697039230526803
EL,2024,6.4,-5.551783945741248,0.848216054258752
EL,2025,,,
ES,1960,-4.7,13.119299633989515,8.419299633989514
ES,1961,-2.7,12.921034561684596,10.221034561684597
ES,1962,-4.1,12.443753944749236,8.343753944749237
ES,1963,-3.3,12.61532810693741,9.315328106937411
ES,1964,-3.0,13.598977421015856,10.598977421015856
ES,1965,-1.6,12.781341577627618,11.181341577627618
ES,1966,-3.0,12.368409521345898,9.368409521345898
ES,1967,2.9,12.439553244587499,15.3395532445875
ES,1968,-0.8,11.769515827132407,10.969515827132406
ES,1969,-2.2,11.021190679048251,8.82119067904825
ES,1970,2.1,11.340342465569893,13.440342465569893
ES,1971,0.0,10.830729925716442,10.830729925716442
ES,1972,0.0,11.390843696083198,11.390843696083198
ES,1973,0.0,10.810215915817544,10.810215915817544
ES,1974,0.0,11.175475862355984,11.175475862355984
ES,1975,0.2,10.43552213104672,10.63552213104672
ES,1976,0.1,10.528140141891717,10.628140141891716
ES,1977,0.1,9.965344955720052,10.065344955720052
ES,1978,0.0,9.268825592751659,9.268825592751659
ES,1979,0.0,8.391331622318443,8.391331622318443
ES,1980,0.2,7.542090463100859,7.742090463100859
ES,1981,0.2,6.366932994900092,6.5669329949000925
ES,1982,-0.5,6.046453933257207,5.546453933257207
ES,1983,-0.5,4.798694549675059,4.298694549675059
ES,1984,-0.5,4.545328708289534,4.045328708289534
ES,1985,-0.5,3.74314309720552,3.24314309720552
ES,1986,-0.6,3.3281345154231525,2.7281345154231524
ES,1987,-0.6,3.020571533989343,2.4205715339893428
ES,1988,-0.7,2.5684985001127503,1.8684985001127503
ES,1989,-0.8,2.1554907827628775,1.3554907827628775
ES,1990,-1.0,1.7574601975789554,0.7574601975789554
ES,1991,2.9,1.4993795493456308,4.399379549345631
ES,1992,3.8,1.670416602392297,5.470416602392297
ES,1993,3.8,1.1747392028032577,4.974739202803257
ES,1994,3.8,0.8085965988205985,4.608596598820599
ES,1995,3.8,0.4349676887272127,4.234967688727212
ES,1996,3.8,0.28077007114131314,4.080770071141313
ES,1997,3.8,0.48819992950447055,4.28819992950447
ES,1998,3.9,0.1166317323655972,4.016631732365597
ES,1999,3.9,0.22400001905538486,4.1240000190553845
ES,2000,3.9,0.9202083647659405,4.82020836476594
ES,2001,7.9,1.173794670648088,9.073794670648088
ES,2002,17.9,1.2584781319137157,19.158478131913714
ES,2003,15.7,1.3884533071013614,17.08845330710136
ES,2004,15.5,1.9650530886092328,17.46505308860923
ES,2005,14.5,1.842072648268775,16.342072648268775
ES,2006,14.9,2.5426965175687117,17.442696517568713
ES,2007,17.2,2.4090611728576916,19.60906117285769
ES,2008,9.5,2.9408390678837537,12.440839067883754
ES,2009,3.0,2.389916467761074,5.389916467761074
ES,2010,1.6,2.259101699781608,3.859101699781608
ES,2011,1.4,1.8114660210622568,3.2114660210622565
ES,2012,-3.0,1.1155059102098694,-1.8844940897901306
ES,2013,-5.4,0.7672439906534954,-4.6327560093465046
ES,2014,-2.2,0.695590546954147,-1.5044094530458532
ES,2015,-0.1,-0.04256261216573003,-0.14256261216573002
ES,2016,1.7,0.010836107132605773,1.7108361071326057
ES,2017,3.8,-0.66180054438751,3.1381994556124897
ES,2018,7.0,-1.1646675629385914,5.835332437061409
ES,2019,9.7,-1.222427159550093,8.477572840449906
ES,2020,5.0,-3.208331704286208,1.7916682957137922
ES,2021,4.2,-2.3697069403768265,1.8302930596231737
ES,2022,15.3,-2.8060404015486986,12.493959598451301
ES,2023,13.4,-2.3622574030379018,11.037742596962099
ES,2024,11.8,-2.435453369257047,9.364546630742954
ES,2025,,,
FI,1960,-2.1,9.592467424993982,7.492467424993983
FI,1961,-2.6,9.306777754237192,6.7067777542371925
FI,1962,-1.6,8.616361770566831,7.0163617705668315
FI,1963,-1.7,8.92836144232941,7.228361442329409
FI,1964,-4.4,8.352426765919473,3.9524267659194727
FI,1965,-4.6,7.331104512561198,2.731104512561198
FI,1966,-2.7,7.472598938794231,4.772598938794231
FI,1967,-1.2,7.295329412466718,6.095329412466718
FI,1968,-3.2,6.199827042987069,2.999827042987069
FI,1969,-8.8,4.636875897310163,-4.163124102689838
FI,1970,-7.9,4.429729727972552,-3.4702702720274488
FI,1971,2.7,3.303586340798063,6.003586340798063
FI,1972,2.7,3.2222835194443817,5.922283519444382
FI,1973,2.6,2.8746716648747874,5.474671664874787
FI,1974,1.2,3.8035710736239787,5.003571073623979
FI,1975,-0.8,4.65529527875949,3.85529527875949
FI,1976,-2.5,4.673241687519013,2.1732416875190133
FI,1977,-1.2,4.5645209430214875,3.3645209430214873
FI,1978,-1.9,4.274518866467789,2.3745188664677888
FI,1979,-1.4,4.138216863580497,2.738216863580497
FI,1980,-0.5,3.912147904592718,3.412147904592718
FI,1981,1.1,3.982014203666085,5.082014203666085
FI,1982,1.4,4.716810573236494,6.116810573236494
FI,1983,1.4,4.441401445562161,5.841401445562161
FI,1984,0.8,4.1023783445020365,4.902378344502036
FI,1985,0.5,2.9827853824921102,3.4827853824921102
FI,1986,0.3,2.748508144723402,3.0485081447234017
FI,1987,0.2,2.4114613236360567,2.611461323636057
FI,1988,0.3,2.8860394095333053,3.186039409533305
FI,1989,1.2,2.8738329216756395,4.073832921675639
FI,1990,1.7,3.114155062044881,4.814155062044881
FI,1991,2.9,3.221180527352526,6.121180527352526
FI,1992,1.8,3.3579227051410996,5.157922705141099
FI,1993,1.8,2.737497383769121,4.5374973837691215
FI,1994,0.7,3.3933238701261463,4.093323870126146
FI,1995,0.8,2.7039939561704682,3.5039939561704685
FI,1996,0.8,2.258431300966654,3.058431300966654
FI,1997,0.9,1.991497022788914,2.891497022788914
FI,1998,0.9,1.524279779746817,2.424279779746817
FI,1999,0.7,1.5948768578309442,2.2948768578309444
FI,2000,0.5,1.4315543745076191,1.9315543745076191
FI,2001,1.2,1.4743930601810613,2.6743930601810613
FI,2002,1.0,1.1813507129394767,2.1813507129394765
FI,2003,1.1,1.4663018518927569,2.566301851892757
FI,2004,1.3,1.946076925022204,3.246076925022204
FI,2005,1.7,1.8746857461820248,3.5746857461820247
FI,2006,2.0,2.0502018806677853,4.050201880667785
FI,2007,2.6,1.829085144747302,4.429085144747302
FI,2008,2.9,1.968876804457857,4.868876804457857
FI,2009,2.7,1.9801686494637754,4.680168649463775
FI,2010,2.6,1.8860389948325933,4.486038994832594
FI,2011,3.1,1.7442825261437738,4.844282526143774
FI,2012,3.3,1.441513630042729,4.7415136300427285
FI,2013,3.3,1.2276396186688199,4.52763961866882
FI,2014,2.8,0.9256558563417333,3.7256558563417332
FI,2015,2.3,0.5446152266010545,2.8446152266010545
FI,2016,3.1,-0.20210274327593786,2.8978972567240624
FI,2017,2.4,-0.6179931775442976,1.7820068224557022
FI,2018,2.1,-1.2606269034105853,0.8393730965894148
FI,2019,2.8,-1.5107144559389147,1.289285544061085
FI,2020,3.2,-1.6333978367116164,1.5666021632883838
FI,2021,4.1,-1.457409050175892,2.6425909498241076
FI,2022,6.1,-3.2925750701889123,2.8074249298110874
FI,2023,10.4,-3.2271920948531356,7.172807905146865
FI,2024,8.3,-2.5958934311422626,5.704106568857738
FI,2025,,,
FR,1960,,,
FR,1961,,,
FR,1962,,,
FR,1963,,,
FR,1964,,,
FR,1965,,,
FR,1966,,,
FR,1967,,,
FR,1968,,,
FR,1969,,,
FR,1970,,,
FR,1971,,,
FR,1972,,,
FR,1973,,,
FR,1974,,,
FR,1975,,,
FR,1976,,,
FR,1977,,,
FR,1978,,,
FR,1979,,,
FR,1980,,,
FR,1981,,,
FR,1982,,,
FR,1983,,,
FR,1984,,,
FR,1985,,,
FR,1986,,,
FR,1987,,,
FR,1988,,,
FR,1989,,,
FR,1990,,,
FR,1991,,,
FR,1992,,,
FR,1993,,,
FR,1994,,,
FR,1995,,,
FR,1996,,,
FR,1997,,,
FR,1998,0.0,3.755008518911958,3.755008518911958
FR,1999,2.6,3.8094512710275032,6.409451271027503
FR,2000,2.7,4.418728264728354,7.118728264728354
FR,2001,3.0,4.310773251552596,7.310773251552596
FR,2002,3.1,4.041626310586299,7.1416263105862985
FR,2003,3.2,3.7388735125295955,6.938873512529596
FR,2004,3.2,4.505392573691481,7.705392573691481
FR,2005,3.0,4.294530423732419,7.294530423732419
FR,2006,1.8,4.796042235575138,6.596042235575138
FR,2007,1.2,4.530311973127846,5.730311973127846
FR,2008,0.9,4.477262422678026,5.377262422678027
FR,2009,0.5,4.302626691629645,4.802626691629645
FR,2010,0.6,4.365759270470235,4.965759270470235
FR,2011,0.3,4.294359687381351,4.594359687381351
FR,2012,1.1,3.858297188765602,4.958297188765602
FR,2013,1.5,3.7039131650974424,5.203913165097442
FR,2014,0.5,3.9278946673199733,4.427894667319974
FR,2015,-0.4,3.0976485307980193,2.6976485307980194
FR,2016,-0.3,2.856011334367302,2.556011334367302
FR,2017,0.8,2.4492658384211086,3.249265838421109
FR,2018,1.7,2.2297541332479063,3.929754133247906
FR,2019,0.6,2.089746109816946,2.689746109816946
FR,2020,2.8,0.9886970544990962,3.788697054499096
FR,2021,2.2,1.1933369091754604,3.393336909175461
FR,2022,2.0,0.7528376842036099,2.7528376842036097
FR,2023,2.2,0.5698387500016477,2.769838750001648
FR,2024,2.2,0.2524563268102488,2.452456326810249
FR,2025,,,
HR,1960,-2.2,8.430201709444782,6.230201709444782
HR,1961,-1.8,8.76343235477333,6.963432354773331
HR,1962,0.0,7.206015814350573,7.206015814350573
HR,1963,-0.8,7.42702962976681,6.6270296297668105
HR,1964,0.2,6.09967232541398,6.29967232541398
HR,1965,-0.4,7.325054264001988,6.925054264001988
HR,1966,-0.8,7.771555742824453,6.971555742824453
HR,1967,0.0,5.946271339721148,5.946271339721148
HR,1968,1.4,4.989166126064515,6.389166126064515
HR,1969,1.6,3.833888137049114,5.433888137049114
HR,1970,0.2,3.850475728490477,4.050475728490477
HR,1971,0.1,4.52642309660991,4.626423096609909
HR,1972,0.0,4.087450823490526,4.087450823490526
HR,1973,-0.2,4.867784567178858,4.667784567178858
HR,1974,-0.5,4.9772440784610605,4.4772440784610605
HR,1975,0.3,4.74945492139381,5.04945492139381
HR,1976,0.7,4.859138053462014,5.559138053462014
HR,1977,-0.1,5.0300850930606416,4.930085093060642
HR,1978,0.2,4.373282131940581,4.573282131940581
HR,1979,-3.1,4.530802838312868,1.4308028383128675
HR,1980,-3.2,3.940762424438816,0.7407624244388158
HR,1981,0.9,3.484756715735779,4.384756715735779
HR,1982,2.0,3.454902989214869,5.454902989214869
HR,1983,2.6,2.249231265175371,4.849231265175371
HR,1984,2.3,2.2954920852743506,4.59549208527435
HR,1985,2.2,2.2592279699159006,4.459227969915901
HR,1986,2.3,1.8009903536868306,4.10099035368683
HR,1987,2.4,1.295486553593596,3.6954865535935957
HR,1988,1.6,1.2296644168096957,2.829664416809696
HR,1989,1.6,0.6472118127705685,2.2472118127705687
HR,1990,1.3,0.6740622844446456,1.9740622844446456
HR,1991,-39.1,-0.6279564190299025,-39.7279564190299
HR,1992,-7.7,-1.050944707905911,-8.750944707905912
HR,1993,19.9,-0.5072686928293806,19.392731307170617
HR,1994,3.1,-0.19331970623154665,2.9066802937684533
HR,1995,-16.7,-0.07598371544484923,-16.77598371544485
HR,1996,-11.3,0.6930548482515482,-10.606945151748452
HR,1997,0.1,0.7802731419263238,0.8802731419263238
HR,1998,-0.9,-1.1556573206031018,-2.055657320603102
HR,1999,-5.1,-1.4962031691058562,-6.596203169105856
HR,2000,-11.7,-1.4451718476077404,-13.14517184760774
HR,2001,4.3,-1.9925939480458892,2.3074060519541106
HR,2002,2.4,-2.4329380089717927,-0.032938008971792776
HR,2003,3.1,-2.9978742894942703,0.10212571050572983
HR,2004,3.4,-2.194520086628849,1.2054799133711511
HR,2005,2.5,-2.156877709580522,0.34312229041947795
HR,2006,2.3,-2.0711946493983633,0.22880535060163654
HR,2007,2.1,-2.424232589085969,-0.32423258908596875
HR,2008,1.4,-1.9476030312847943,-0.5476030312847944
HR,2009,0.2,-1.8184155352132676,-1.6184155352132676
HR,2010,-1.0,-2.0300512660571015,-3.0300512660571015
HR,2011,-0.9,-2.289586809070792,-3.189586809070792
HR,2012,-0.9,-2.324377266145056,-3.224377266145056
HR,2013,-4.7,-2.4593890065052455,-7.159389006505245
HR,2014,-6.1,-2.6728268374291546,-8.772826837429154
HR,2015,-8.0,-3.99481931586746,-11.99481931586746
HR,2016,-9.3,-3.3901259103171903,-12.69012591031719
HR,2017,-11.7,-4.148555605870301,-15.848555605870299
HR,2018,-7.5,-3.9261736857930107,-11.42617368579301
HR,2019,-4.9,-3.945648372404298,-8.845648372404298
HR,2020,-4.9,-5.383994095859907,-10.283994095859907
HR,2021,-1.2,-6.731010786981644,-7.931010786981644
HR,2022,3.0,-5.979848820846619,-2.9798488208466187
HR,2023,7.8,-4.9611856363743065,2.8388143636256933
HR,2024,8.1,-4.922621037414354,3.177378962585646
HR,2025,,,
HU,1960,0.0,4.511173728376263,4.511173728376263
HU,1961,0.0,4.392873061908978,4.392873061908978
HU,1962,0.0,2.1671781956798726,2.1671781956798726
HU,1963,0.0,3.2232842172360914,3.2232842172360914
HU,1964,0.0,3.0988168360833668,3.0988168360833668
HU,1965,0.0,2.4557273501330474,2.4557273501330474
HU,1966,0.0,3.596912713894559,3.596912713894559
HU,1967,0.0,3.859594548396252,3.859594548396252
HU,1968,0.0,3.8163270609387276,3.8163270609387276
HU,1969,0.9,3.664985717757269,4.564985717757269
HU,1970,0.0,3.063524192124102,3.063524192124102
HU,1971,0.0,2.668702392115839,2.668702392115839
HU,1972,0.0,3.3014967607302017,3.3014967607302017
HU,1973,0.0,3.1546831654669627,3.1546831654669627
HU,1974,0.0,5.787633880666324,5.787633880666324
HU,1975,0.0,6.008018303625974,6.008018303625974
HU,1976,0.0,5.028805078728963,5.028805078728963
HU,1977,0.0,4.28629551524344,4.28629551524344
HU,1978,0.0,2.6276375477681997,2.6276375477681997
HU,1979,-1.2,2.1997709845393536,0.9997709845393536
HU,1980,0.0,0.3098194559335048,0.3098194559335048
HU,1981,0.0,-0.17427780890881647,-0.17427780890881647
HU,1982,0.0,-1.0044894394633364,-1.0044894394633364
HU,1983,0.0,-1.9985691796053422,-1.9985691796053422
HU,1984,0.0,-1.9992939261731453,-1.9992939261731453
HU,1985,0.0,-1.6339789555070552,-1.6339789555070552
HU,1986,0.0,-1.7749050141513076,-1.7749050141513076
HU,1987,0.0,-1.5780820122471064,-1.5780820122471064
HU,1988,0.0,-1.484860943989076,-1.484860943989076
HU,1989,-18.4,-2.020188855689706,-20.420188855689705
HU,1990,1.8,-1.9261051489745897,-0.1261051489745897
HU,1991,1.7,-1.697362412373557,0.002637587626443061
HU,1992,1.8,-2.6083401526965395,-0.8083401526965395
HU,1993,1.8,-3.204137757373709,-1.4041377573737088
HU,1994,1.7,-3.023282103109079,-1.3232821031090791
HU,1995,1.7,-3.228980235471669,-1.5289802354716688
HU,1996,1.7,-3.667974036812864,-1.967974036812864
HU,1997,1.7,-3.794103762389155,-2.094103762389155
HU,1998,1.7,-4.238343364082538,-2.5383433640825377
HU,1999,1.6,-4.736470265129202,-3.136470265129202
HU,2000,1.6,-3.7179929177733055,-2.1179929177733055
HU,2001,1.0,-3.444605245846739,-2.444605245846739
HU,2002,0.3,-3.5409848181590435,-3.2409848181590437
HU,2003,1.5,-4.059803820845677,-2.5598038208456773
HU,2004,1.8,-3.6923942510345724,-1.8923942510345724
HU,2005,1.7,-3.7866614957748657,-2.086661495774866
HU,2006,2.1,-3.149083999820971,-1.049083999820971
HU,2007,1.4,-3.5092832836520147,-2.109283283652015
HU,2008,1.6,-3.073844438863117,-1.4738444388631171
HU,2009,1.7,-3.3867096668070653,-1.6867096668070654
HU,2010,1.2,-4.006361288090938,-2.8063612880909377
HU,2011,1.3,-4.080426032288902,-2.7804260322889025
HU,2012,1.6,-3.9439484289299402,-2.34394842892994
HU,2013,-0.8,-3.754629746595589,-4.554629746595589
HU,2014,-0.1,-3.351499768989861,-3.451499768989861
HU,2015,0.3,-4.017988035279239,-3.717988035279239
HU,2016,-0.8,-3.245207498180917,-4.045207498180917
HU,2017,1.1,-3.8225407210804017,-2.7225407210804016
HU,2018,2.5,-3.8893701701367815,-1.3893701701367815
HU,2019,2.7,-3.792883333580749,-1.0928833335807489
HU,2020,1.0,-4.904237383294858,-3.9042373832948583
HU,2021,2.2,-6.437160135652002,-4.237160135652002
HU,2022,3.8,-4.906558028836044,-1.1065580288360444
HU,2023,2.7,-4.288447691938452,-1.5884476919384518
HU,2024,0.4,-5.134367774562327,-4.734367774562327
HU,2025,,,
IE,1960,-14.8,9.901251983777112,-4.898748016222889
IE,1961,-7.0,8.881879717900556,1.8818797179005564
IE,1962,-3.5,9.88433376958721,6.38433376958721
IE,1963,-5.0,10.351845342706502,5.351845342706502
IE,1964,-6.6,10.992553228682306,4.392553228682306
IE,1965,-7.5,10.614383180172654,3.114383180172654
IE,1966,-4.5,9.40453882989798,4.90453882989798
IE,1967,-5.7,10.327716002486358,4.627716002486358
IE,1968,-5.1,9.572376336323948,4.472376336323949
IE,1969,-2.7,9.985626283367557,7.285626283367557
IE,1970,-0.9,10.429110182448271,9.529110182448271
IE,1971,2.0,12.002221324717286,14.002221324717286
IE,1972,4.5,11.333266952105944,15.833266952105944
IE,1973,5.1,11.278423941453214,16.378423941453214
IE,1974,6.0,10.924110443251584,16.924110443251585
IE,1975,5.4,10.747811245614589,16.14781124561459
IE,1976,3.7,10.473687484448867,14.173687484448866
IE,1977,2.2,10.81296574565304,13.012965745653041
IE,1978,4.4,11.050401089753292,15.450401089753292
IE,1979,-0.2,11.55632396339464,11.35632396339464
IE,1980,-0.2,11.964159396368782,11.764159396368782
IE,1981,0.3,11.427697506408762,11.727697506408763
IE,1982,-3.8,11.052055741103306,7.252055741103306
IE,1983,-2.8,9.75903270066316,6.959032700663161
IE,1984,-3.6,9.079709322130123,5.479709322130123
IE,1985,-10.5,8.236764852856231,-2.263235147143769
IE,1986,-4.8,7.919941529949348,3.1199415299493483
IE,1987,-10.6,7.621437394066392,-2.9785626059336074
IE,1988,-12.1,6.512298966009873,-5.587701033990126
IE,1989,-8.0,5.663365052198434,-2.336634947801566
IE,1990,-2.2,6.180263874512756,3.9802638745127554
IE,1991,1.4,6.0815506605126926,7.481550660512692
IE,1992,0.5,5.682324301224639,6.182324301224639
IE,1993,-0.9,4.806454477782755,3.9064544777827552
IE,1994,-0.8,4.830102194881939,4.030102194881939
IE,1995,1.6,4.594152184626656,6.194152184626656
IE,1996,4.4,5.229740349966092,9.629740349966092
IE,1997,4.7,5.798703404009078,10.498703404009078
IE,1998,4.4,6.066519990057903,10.466519990057904
IE,1999,6.5,5.711673561082163,12.211673561082163
IE,2000,8.4,6.193937099692527,14.593937099692528
IE,2001,10.2,7.211991912925933,17.411991912925934
IE,2002,8.6,7.90316798565634,16.50316798565634
IE,2003,8.1,8.187042450779995,16.287042450779992
IE,2004,12.2,8.267121320694162,20.46712132069416
IE,2005,15.2,8.053171556486024,23.253171556486024
IE,2006,22.2,8.777478781680147,30.977478781680148
IE,2007,16.9,9.970235832297647,26.870235832297645
IE,2008,3.7,10.52074301808193,14.22074301808193
IE,2009,-4.2,10.433674044892179,6.233674044892179
IE,2010,-5.6,10.377788152708428,4.777788152708428
IE,2011,-5.9,9.971163108381077,4.071163108381077
IE,2012,-4.8,9.25808300940865,4.458083009408651
IE,2013,-2.5,8.55789399014573,6.057893990145731
IE,2014,0.4,8.202719707312783,8.602719707312783
IE,2015,2.8,7.569863950246567,10.369863950246568
IE,2016,8.3,7.019042013115584,15.319042013115585
IE,2017,5.2,6.544065968252341,11.744065968252341
IE,2018,11.2,6.15396274877552,17.35396274877552
IE,2019,8.8,5.734456798367552,14.534456798367554
IE,2020,6.1,4.7025495750708215,10.80254957507082
IE,2021,12.0,5.182860581425343,17.182860581425345
IE,2022,18.7,3.7659986065940965,22.465998606594095
IE,2023,11.4,3.695795894635101,15.095795894635101
IE,2024,12.8,3.534777203648723,16.334777203648724
IE,2025,,,
IT,1960,-1.6,8.580823779872265,6.980823779872265
IT,1961,-2.7,9.155574613043658,6.455574613043658
IT,1962,-1.3,8.443651526268868,7.143651526268868
IT,1963,-1.2,8.694832168366299,7.494832168366298
IT,1964,-1.2,10.226090945670915,9.026090945670916
IT,1965,-1.2,9.10189031109604,7.90189031109604
IT,1966,-1.6,9.244617998811114,7.644617998811114
IT,1967,-1.5,8.320355993254944,6.820355993254944
IT,1968,-1.7,7.490472090714362,5.790472090714362
IT,1969,-1.8,7.36715826381423,5.56715826381423
IT,1970,-2.0,7.085291504378293,5.085291504378293
IT,1971,-2.8,7.1078460443601,4.3078460443601
IT,1972,0.4,6.724202898917132,7.124202898917132
IT,1973,0.5,5.992933169355704,6.492933169355704
IT,1974,0.5,6.132295138971066,6.632295138971066
IT,1975,0.4,4.946481867987861,5.346481867987861
IT,1976,0.5,4.156814141856857,4.656814141856857
IT,1977,0.4,3.4810656789206145,3.8810656789206144
IT,1978,0.3,3.003249774821372,3.3032497748213716
IT,1979,0.2,2.3444621072082805,2.5444621072082807
IT,1980,0.1,1.5232011928677631,1.6232011928677632
IT,1981,-0.6,1.3777086590242777,0.7777086590242778
IT,1982,-0.8,1.4889587556903199,0.6889587556903198
IT,1983,-0.6,0.6647097819068429,0.06470978190684296
IT,1984,-0.5,0.9404205775796415,0.4404205775796415
IT,1985,-0.4,0.5285366402207495,0.1285366402207495
IT,1986,-0.3,0.19357635010095706,-0.10642364989904293
IT,1987,-0.1,0.3316224069669542,0.23162240696695421
IT,1988,0.2,0.5347524151255866,0.7347524151255866
IT,1989,0.3,0.5090098269876746,0.8090098269876747
IT,1990,0.4,0.48521581335427366,0.8852158133542737
IT,1991,0.3,0.19029284779273778,0.49029284779273774
IT,1992,0.4,0.4250617851753027,0.8250617851753027
IT,1993,0.4,-0.008623534329146226,0.3913764656708538
IT,1994,0.4,-0.36875647316179094,0.03124352683820908
IT,1995,0.5,-0.5051332401948843,-0.005133240194884259
IT,1996,1.0,-0.4261648730828232,0.5738351269171769
IT,1997,0.9,-0.39404769264083056,0.5059523073591694
IT,1998,0.7,-0.6139422064512821,0.0860577935487179
IT,1999,0.6,-0.3602059557811738,0.23979404421882616
IT,2000,0.9,-0.21894287500541953,0.6810571249945805
IT,2001,0.8,-0.22773599730845964,0.5722640026915404
IT,2002,3.7,-0.3367941513094441,3.363205848690556
IT,2003,8.2,-0.7415227451544492,7.45847725484555
IT,2004,7.2,0.27669587528568274,7.476695875285683
IT,2005,4.4,-0.22882495679856485,4.171175043201435
IT,2006,3.8,0.036336189424158206,3.836336189424158
IT,2007,8.5,-0.11738018970026436,8.382619810299735
IT,2008,7.2,-0.1435041718833888,7.056495828116612
IT,2009,4.9,-0.38380634107448813,4.516193658925512
IT,2010,4.7,-0.42794211375929053,4.2720578862407095
IT,2011,3.4,-0.7813707155994253,2.6186292844005745
IT,2012,4.2,-1.3093213172873521,2.890678682712648
IT,2013,2.6,-1.4339724422667905,1.1660275577332095
IT,2014,0.8,-1.5869839213811268,-0.7869839213811267
IT,2015,0.5,-2.6833015407435816,-2.1833015407435816
IT,2016,0.7,-2.3572847366864598,-1.6572847366864598
IT,2017,1.0,-3.1782983239941096,-2.1782983239941096
IT,2018,1.2,-3.226446416449034,-2.0264464164490343
IT,2019,0.7,-3.5831648477005738,-2.8831648477005736
IT,2020,-1.2,-5.6240213188510655,-6.824021318851066
IT,2021,1.6,-5.082988677888642,-3.4829886778886423
IT,2022,4.9,-5.450504405944672,-0.5505044059446718
IT,2023,4.5,-4.935403630419687,-0.4354036304196871
IT,2024,4.1,-4.75935468871855,-0.6593546887185502
IT,2025,,,
LT,1960,1.8,14.83306720859341,16.63306720859341
LT,1961,1.3,14.424415491700874,15.724415491700874
LT,1962,0.2,12.230461062693282,12.430461062693281
LT,1963,0.6,11.770504321266182,12.370504321266182
LT,1964,0.9,11.665523861766319,12.56552386176632
LT,1965,1.8,10.275934452871073,12.075934452871074
LT,1966,2.3,10.195028936540329,12.49502893654033
LT,1967,2.0,9.658715475089203,11.658715475089203
LT,1968,1.7,9.318419333768778,11.018419333768778
LT,1969,-1.2,8.756339438576088,7.556339438576088
LT,1970,4.5,8.80779726195526,13.30779726195526
LT,1971,2.6,9.1987278974395,11.7987278974395
LT,1972,2.1,7.932087520659735,10.032087520659735
LT,1973,2.1,7.054747990307153,9.154747990307152
LT,1974,2.1,6.850905891091798,8.950905891091798
LT,1975,1.8,6.234130350827579,8.03413035082758
LT,1976,2.2,6.1313010702927535,8.331301070292753
LT,1977,1.7,5.754318655941467,7.454318655941467
LT,1978,1.8,5.289621082226838,7.089621082226838
LT,1979,-1.3,5.0243403341893975,3.7243403341893977
LT,1980,0.6,4.668946599400622,5.268946599400621
LT,1981,1.4,4.871121292965657,6.271121292965656
LT,1982,2.6,5.256289485330246,7.856289485330246
LT,1983,2.3,6.0904614177135095,8.39046141771351
LT,1984,2.9,5.403303301329738,8.303303301329738
LT,1985,3.5,5.465188576636482,8.965188576636482
LT,1986,3.7,6.717526292078279,10.417526292078279
LT,1987,4.3,6.2386047407614145,10.538604740761414
LT,1988,5.6,5.247992253723563,10.847992253723563
LT,1989,0.3,4.798081638139959,5.098081638139959
LT,1990,-2.4,4.631660109570112,2.2316601095701123
LT,1991,-2.9,4.053519641444766,1.1535196414447664
LT,1992,-6.8,3.497289344437672,-3.302710655562328
LT,1993,-6.5,0.36735952423557683,-6.132640475764423
LT,1994,-6.6,-1.1194956767310509,-7.71949567673105
LT,1995,-6.5,-1.128468338241846,-7.628468338241846
LT,1996,-6.5,-1.0594122834290216,-7.559412283429022
LT,1997,-6.3,-0.9283689886296399,-7.22836898862964
LT,1998,-6.2,-1.0493335552897443,-7.249333555289745
LT,1999,-5.9,-1.014590822703647,-6.914590822703648
LT,2000,-5.8,-1.3581718380649155,-7.1581718380649155
LT,2001,-6.7,-2.642387520726998,-9.342387520726998
LT,2002,-3.4,-3.337832600067677,-6.7378326000676765
LT,2003,-6.3,-3.209386457280889,-9.50938645728089
LT,2004,-9.5,-3.404307651027721,-12.904307651027722
LT,2005,-15.4,-4.258737131991345,-19.658737131991344
LT,2006,-7.5,-4.622420273357174,-12.122420273357175
LT,2007,-6.7,-4.801255883492314,-11.501255883492314
LT,2008,-5.1,-3.8274235394640796,-8.92742353946408
LT,2009,-10.1,-3.099072319853662,-13.199072319853661
LT,2010,-25.2,-3.6422938940335636,-28.842293894033563
LT,2011,-12.6,-3.5278262248295547,-16.127826224829555
LT,2012,-6.0,-3.660224374350996,-9.660224374350996
LT,2013,-4.8,-4.252619731415968,-9.052619731415968
LT,2014,-3.5,-3.6935243237302156,-7.193524323730216
LT,2015,-6.7,-4.001511629019451,-10.70151162901945
LT,2016,-8.7,-4.003352704283401,-12.7033527042834
LT,2017,-7.3,-4.27795403901329,-11.577954039013289
LT,2018,-0.4,-4.522680631236289,-4.92268063123629
LT,2019,3.9,-4.732238105397909,-0.8322381053979089
LT,2020,7.4,-7.114293106313681,0.28570689368631896
LT,2021,7.0,-8.686615475310779,-1.686615475310779
LT,2022,25.5,-7.418394453595476,18.081605546404525
LT,2023,15.7,-5.7334268022128745,9.966573197787124
LT,2024,8.0,-6.364412238715877,1.635587761284123
LT,2025,,,
LU,1960,1.7,4.162274397061172,5.862274397061173
LU,1961,7.6,4.75088046899066,12.35088046899066
LU,1962,8.7,3.450439146800502,12.150439146800501
LU,1963,5.0,3.665943600867679,8.66594360086768
LU,1964,9.5,4.21505376344086,13.71505376344086
LU,1965,5.3,3.757575757575758,9.057575757575759
LU,1966,1.9,3.4354354354354353,5.335435435435436
LU,1967,-1.3,2.48812688551032,1.18812688551032
LU,1968,2.1,1.8078758949880667,3.9078758949880665
LU,1969,5.0,0.9212481426448738,5.921248142644874
LU,1970,3.2,0.759216205277882,3.9592162052778823
LU,1971,14.9,0.1647829426113977,15.064782942611398
LU,1972,9.3,-0.10144927536231885,9.198550724637682
LU,1973,14.0,-1.12578977599081,12.87421022400919
LU,1974,14.3,-1.1057555996597674,13.194244400340233
LU,1975,9.7,-1.085618354784555,8.614381645215444
LU,1976,2.9,-1.6421636615811375,1.2578363384188624
LU,1977,2.3,-0.0831112416265424,2.2168887583734573
LU,1978,1.7,-0.3178964652677379,1.382103534732262
LU,1979,3.0,0.25672098293771617,3.256720982937716
LU,1980,3.7,0.15407896546980326,3.8540789654698036
LU,1981,1.2,0.8469233931752774,2.0469233931752773
LU,1982,-0.9,0.45678336980306344,-0.4432166301969366
LU,1983,0.8,0.15323573676289506,0.9532357367628951
LU,1984,0.8,0.32805349458985117,1.1280534945898513
LU,1985,2.5,0.21026646495649942,2.7102664649564994
LU,1986,5.3,0.9231774733803545,6.223177473380354
LU,1987,6.1,0.6116373477672531,6.711637347767253
LU,1988,5.7,2.0510752688172045,7.751075268817205
LU,1989,9.9,1.8164843958388905,11.71648439583889
LU,1990,10.3,3.066174532032692,13.366174532032693
LU,1991,10.2,3.2310093652445366,13.431009365244536
LU,1992,10.3,2.8952772073921973,13.195277207392198
LU,1993,10.1,3.6428119062697912,13.742811906269791
LU,1994,9.4,4.1254372813593205,13.52543728135932
LU,1995,10.6,4.003451251078516,14.603451251078516
LU,1996,8.3,4.358600583090379,12.65860058309038
LU,1997,8.6,3.7807364759505817,12.380736475950581
LU,1998,9.0,3.51854045729179,12.51854045729179
LU,1999,10.4,4.186264186264187,14.586264186264188
LU,2000,7.9,4.5410516605166045,12.441051660516605
LU,2001,7.5,3.963553530751708,11.463553530751708
LU,2002,5.9,3.6054498367300982,9.505449836730099
LU,2003,12.0,2.7883113986169974,14.788311398616997
LU,2004,9.6,4.1190434323896605,13.719043432389661
LU,2005,13.1,3.7942024586431935,16.894202458643193
LU,2006,11.3,3.7263955863103995,15.0263955863104
LU,2007,12.5,3.383124696810287,15.883124696810286
LU,2008,15.8,4.136015163321958,19.936015163321958
LU,2009,13.2,4.018237082066869,17.218237082066867
LU,2010,15.1,4.2106017933897135,19.310601793389715
LU,2011,21.2,3.5557986870897156,24.755798687089715
LU,2012,18.9,4.096385083061352,22.99638508306135
LU,2013,19.0,4.2697085314101955,23.269708531410195
LU,2014,19.9,4.055086595837579,23.955086595837578
LU,2015,19.6,3.787138649774939,23.38713864977494
LU,2016,16.2,3.6147568151962086,19.81475681519621
LU,2017,15.8,3.2353254879653,19.035325487965302
LU,2018,16.3,3.249142448982982,19.549142448982984
LU,2019,16.6,3.171557304681264,19.771557304681266
LU,2020,10.7,2.954761798284002,13.654761798284001
LU,2021,13.2,3.4676161517495627,16.667616151749563
LU,2022,20.5,3.1701417886974994,23.6701417886975
LU,2023,14.0,2.8586172403826215,16.85861724038262
LU,2024,11.7,2.958113235622349,14.658113235622348
LU,2025,,,
LV,1960,9.2,6.726777078200565,15.926777078200566
LV,1961,7.2,6.658153361118517,13.858153361118518
LV,1962,7.6,5.291273804157818,12.891273804157818
LV,1963,8.8,5.073691497695433,13.873691497695432
LV,1964,7.6,5.340046123480481,12.940046123480482
LV,1965,5.9,3.739166527719144,9.639166527719144
LV,1966,1.9,3.7877906121296268,5.687790612129627
LV,1967,6.6,3.437214065935986,10.037214065935986
LV,1968,6.1,3.281311140849059,9.381311140849059
LV,1969,4.6,2.8640665032301067,7.464066503230106
LV,1970,2.9,3.310935867678216,6.2109358676782165
LV,1971,4.6,3.787994036571637,8.387994036571637
LV,1972,4.6,3.2312905927999758,7.831290592799975
LV,1973,6.5,2.440337713799821,8.94033771379982
LV,1974,5.9,2.792748168044565,8.692748168044565
LV,1975,4.9,1.9479272632193911,6.8479272632193915
LV,1976,3.5,1.7329883316447077,5.232988331644708
LV,1977,4.8,1.3606738221452794,6.160673822145279
LV,1978,3.0,1.2023121943822295,4.2023121943822295
LV,1979,1.2,1.0071330266524712,2.207133026652471
LV,1980,1.0,1.3688031661844233,2.3688031661844233
LV,1981,2.3,1.4483186460089714,3.748318646008971
LV,1982,3.0,2.4732568946542313,5.473256894654231
LV,1983,3.1,3.247492669303432,6.347492669303432
LV,1984,3.3,2.9133972028097976,6.213397202809798
LV,1985,4.7,2.1731263837387114,6.873126383738711
LV,1986,5.3,4.108642524913862,9.408642524913862
LV,1987,7.3,3.8226416770160654,11.122641677016066
LV,1988,6.0,3.3523948571370155,9.352394857137016
LV,1989,-1.5,2.3775494510028996,0.8775494510028996
LV,1990,-4.9,1.1641068309758857,-3.7358931690241146
LV,1991,-5.7,-0.04363919265988779,-5.743639192659888
LV,1992,-20.5,-1.457056375331063,-21.957056375331064
LV,1993,-12.6,-4.810349328511897,-17.4103493285119
LV,1994,-9.1,-6.887706107747479,-15.987706107747478
LV,1995,-5.5,-6.932791592350575,-12.432791592350576
LV,1996,-4.1,-5.886947764575541,-9.98694776457554
LV,1997,-3.9,-6.013713377004979,-9.91371337700498
LV,1998,-2.4,-6.522666783433005,-8.922666783433005
LV,1999,-1.7,-5.6050895947396855,-7.305089594739686
LV,2000,-6.9,-4.997659249742307,-11.897659249742308
LV,2001,-8.2,-5.63656419861782,-13.836564198617818
LV,2002,-4.0,-5.330131204555364,-9.330131204555364
LV,2003,-5.1,-4.908258277195256,-10.008258277195257
LV,2004,-6.8,-5.039709732398573,-11.839709732398573
LV,2005,-4.9,-4.84414977126083,-9.74414977126083
LV,2006,-4.0,-4.590475044818513,-8.590475044818513
LV,2007,-3.6,-4.112565871679252,-7.712565871679253
LV,2008,-10.3,-3.015316108604304,-13.315316108604305
LV,2009,-16.1,-3.630884293477909,-19.73088429347791
LV,2010,-17.0,-4.838000777173728,-21.83800077717373
LV,2011,-9.7,-4.682819139065027,-14.382819139065028
LV,2012,-5.8,-4.46397787963985,-10.26397787963985
LV,2013,-7.1,-3.9998517658394372,-11.099851765839437
LV,2014,-4.3,-3.3575355688924327,-7.657535568892433
LV,2015,-5.4,-3.272248672773119,-8.672248672773119
LV,2016,-6.2,-3.3581231078179967,-9.558123107817996
LV,2017,-4.0,-4.065911976518319,-8.065911976518318
LV,2018,-2.5,-4.914238626453244,-7.414238626453244
LV,2019,-1.8,-4.652681711361856,-6.452681711361856
LV,2020,-1.7,-5.924489234277328,-7.624489234277328
LV,2021,-0.2,-9.074472473659997,-9.274472473659996
LV,2022,11.7,-7.877886101451308,3.8221138985486913
LV,2023,-1.7,-7.191153728502481,-8.89115372850248
LV,2024,-2.5,-7.358369811772323,-9.858369811772324
LV,2025,,,
MT,1960,-21.6,17.56112469437653,-4.0388753056234705
MT,1961,-18.6,,
MT,1962,-18.7,,
MT,1963,-15.5,,
MT,1964,-15.4,,
MT,1965,-19.5,8.194011228945726,-11.305988771054274
MT,1966,-19.3,,
MT,1967,-19.3,,
MT,1968,-19.0,,
MT,1969,-18.6,,
MT,1970,-6.4,7.418181818181819,1.0181818181818185
MT,1971,-8.8,8.163804491413474,-0.6361955085865265
MT,1972,-9.2,,
MT,1973,-8.4,,
MT,1974,-9.6,,
MT,1975,6.0,9.3543386376585,15.3543386376585
MT,1976,-14.0,8.90227074777117,-5.097729252228831
MT,1977,3.3,9.57714338173818,12.877143381738179
MT,1978,0.3,7.697237669206517,7.997237669206517
MT,1979,3.1,9.16765407599359,12.26765407599359
MT,1980,1.2,7.5683082642373645,8.768308264237364
MT,1981,-1.0,7.011961210962557,6.011961210962557
MT,1982,27.8,8.945539107821565,36.745539107821564
MT,1983,-15.7,7.575506465095115,-8.124493534904884
MT,1984,0.4,8.104766562673722,8.504766562673723
MT,1985,18.8,7.81031153895969,26.610311538959692
MT,1986,0.0,7.101643556747148,7.101643556747148
MT,1987,-0.3,7.0077533830031395,6.70775338300314
MT,1988,1.6,8.173338425395503,9.773338425395503
MT,1989,1.3,8.521148148784862,9.821148148784863
MT,1990,2.4,7.442612717419062,9.842612717419062
MT,1991,4.0,6.706124208362346,10.706124208362347
MT,1992,3.0,7.036997547712975,10.036997547712975
MT,1993,3.4,6.6449229270141155,10.044922927014115
MT,1994,3.1,5.702632375837775,8.802632375837774
MT,1995,0.2,5.060661525424179,5.2606615254241795
MT,1996,1.9,6.022663608207101,7.922663608207101
MT,1997,2.1,5.199197703228851,7.299197703228851
MT,1998,1.5,4.300112448461122,5.800112448461122
MT,1999,2.7,3.426527638672143,6.126527638672143
MT,2000,3.1,3.732389475227583,6.832389475227583
MT,2001,5.5,2.6902392601203324,8.190239260120332
MT,2002,4.4,2.310961101355409,6.71096110135541
MT,2003,4.2,2.2753815794772665,6.475381579477267
MT,2004,4.8,2.2032325748311314,7.003232574831131
MT,2005,4.0,1.8029741623372109,5.802974162337211
MT,2006,0.1,1.3901268892021956,1.4901268892021957
MT,2007,3.8,1.6123624314622698,5.412362431462269
MT,2008,5.7,1.8880323270366228,7.588032327036623
MT,2009,5.6,1.966290767680799,7.5662907676807984
MT,2010,0.2,2.1447876587758765,2.3447876587758767
MT,2011,4.0,2.163912778410994,6.163912778410994
MT,2012,10.1,1.7052013430855524,11.805201343085551
MT,2013,13.9,1.8886547842757626,15.788654784275764
MT,2014,22.4,2.1510851185082074,24.551085118508205
MT,2015,22.4,2.012283360490423,24.41228336049042
MT,2016,18.9,2.522045659256953,21.422045659256952
MT,2017,31.5,1.6282993197278912,33.128299319727894
MT,2018,35.9,1.5921252977337488,37.49212529773375
MT,2019,42.1,1.3428863536781293,43.442886353678134
MT,2020,1.8,0.6273611016694021,2.427361101669402
MT,2021,7.4,0.4495035117461855,7.849503511746186
MT,2022,41.0,0.15187225812901067,41.15187225812901
MT,2023,37.9,0.7969729785573683,38.69697297855737
MT,2024,18.7,0.3425368670832719,19.04253686708327
MT,2025,,,
NL,1960,-1.1,13.281827661887876,12.181827661887876
NL,1961,0.5,13.800959639349506,14.300959639349506
NL,1962,1.4,13.018222371768053,14.418222371768053
NL,1963,-0.2,12.964297110453339,12.76429711045334
NL,1964,1.1,13.077345318083337,14.177345318083336
NL,1965,1.4,12.052633298529535,13.452633298529536
NL,1966,1.5,11.2380075807166,12.7380075807166
NL,1967,-1.0,11.079585047258915,10.079585047258915
NL,1968,0.4,10.435353340291657,10.835353340291658
NL,1969,1.5,10.936803865124446,12.436803865124446
NL,1970,2.5,9.97814336443395,12.47814336443395
NL,1971,2.5,8.913268335590798,11.413268335590798
NL,1972,1.3,7.578018959629643,8.878018959629642
NL,1973,1.4,6.297682568444003,7.697682568444003
NL,1974,2.3,5.687635182513999,7.987635182513999
NL,1975,5.1,4.716417831425804,9.816417831425802
NL,1976,1.3,4.56079253345341,5.8607925334534094
NL,1977,1.5,4.5751220004784825,6.0751220004784825
NL,1978,1.9,4.398874245082378,6.298874245082377
NL,1979,3.1,4.462756710044371,7.56275671004437
NL,1980,3.6,4.755867817603474,8.355867817603475
NL,1981,1.0,4.437739265539864,5.437739265539864
NL,1982,-0.1,3.8364591932326784,3.7364591932326783
NL,1983,0.2,3.660156444228972,3.860156444228972
NL,1984,0.3,3.794759266832836,4.094759266832836
NL,1985,1.4,3.83510726877777,5.23510726877777
NL,1986,1.8,4.07490176834191,5.87490176834191
NL,1987,2.4,4.41104677517298,6.811046775172979
NL,1988,1.9,4.246294312422986,6.146294312422986
NL,1989,1.8,4.0576174381502765,5.857617438150276
NL,1990,3.3,4.6426494170853205,7.94264941708532
NL,1991,3.3,4.5772793544761665,7.877279354476166
NL,1992,2.8,4.418424035719125,7.218424035719125
NL,1993,2.9,3.8028944073244877,6.702894407324488
NL,1994,1.3,4.050437397048396,5.350437397048395
NL,1995,1.0,3.5553401354060865,4.5553401354060865
NL,1996,1.4,3.353580240570976,4.753580240570976
NL,1997,1.9,3.6397257370942464,5.539725737094246
NL,1998,2.8,3.9558732894038857,6.755873289403885
NL,1999,2.8,3.8043873104603523,6.604387310460352
NL,2000,3.6,4.16617551114319,7.7661755111431905
NL,2001,3.5,3.8922692237322964,7.3922692237322964
NL,2002,1.7,3.708596277557336,5.4085962775573355
NL,2003,0.4,3.6041834490530595,4.00418344905306
NL,2004,-0.6,3.533884051895088,2.9338840518950877
NL,2005,-1.4,3.1589290649071975,1.7589290649071976
NL,2006,-1.6,3.0417755128653297,1.4417755128653296
NL,2007,-0.1,2.953540996963442,2.8535409969634418
NL,2008,1.9,3.017177454812285,4.917177454812284
NL,2009,2.3,3.074163217079051,5.374163217079051
NL,2010,2.0,2.9163820259548894,4.916382025954889
NL,2011,1.8,2.660875050185224,4.460875050185224
NL,2012,0.8,2.1007333499578134,2.9007333499578136
NL,2013,1.2,1.79360919451178,2.99360919451178
NL,2014,2.1,2.136632153622176,4.2366321536221765
NL,2015,3.2,1.383135848720345,4.583135848720345
NL,2016,4.6,1.3854074887273309,5.985407488727331
NL,2017,4.7,1.148727685443679,5.848727685443679
NL,2018,5.0,0.8824821530469207,5.8824821530469205
NL,2019,6.2,1.0296743526837469,7.229674352683747
NL,2020,3.9,0.0001723386673108303,3.9001723386673106
NL,2021,6.1,0.48462368418718527,6.584623684187185
NL,2022,12.6,-0.14826039619179984,12.4517396038082
NL,2023,7.6,-0.2826297094354362,7.317370290564563
NL,2024,6.0,-0.3356194318635149,5.664380568136485
NL,2025,,,
PL,1960,-4.4,15.105817862340103,10.705817862340103
PL,1961,-2.1,13.420540359120658,11.320540359120658
PL,1962,-0.3,11.957189791922477,11.657189791922477
PL,1963,3.2,11.749212701745178,14.949212701745179
PL,1964,2.3,10.56677440206852,12.866774402068518
PL,1965,-3.3,10.05063993950011,6.75063993950011
PL,1966,-1.2,9.456784254064846,8.256784254064847
PL,1967,2.4,8.616893527396185,11.016893527396185
PL,1968,-0.6,8.756810166615313,8.156810166615314
PL,1969,-0.7,8.274594461234813,7.574594461234812
PL,1970,-9.0,8.60161735627751,-0.3983826437224902
PL,1971,-0.9,8.594494457713271,7.694494457713271
PL,1972,-0.6,9.500227901182047,8.900227901182047
PL,1973,-0.3,9.679178852067478,9.379178852067477
PL,1974,-0.4,10.341488596656134,9.941488596656134
PL,1975,-0.3,10.325832252004377,10.025832252004376
PL,1976,-0.7,10.788656913765514,10.088656913765515
PL,1977,-0.9,10.202329130934693,9.302329130934693
PL,1978,-3.2,9.791392875794113,6.591392875794113
PL,1979,-0.9,10.411476297711012,9.511476297711011
PL,1980,-0.7,9.757765937073485,9.057765937073485
PL,1981,-0.7,9.870864210624553,9.170864210624554
PL,1982,-0.9,10.190196085336632,9.290196085336632
PL,1983,-0.7,10.202300898395908,9.502300898395909
PL,1984,-0.4,9.093980878576994,8.693980878576994
PL,1985,-0.5,7.989142252108507,7.489142252108507
PL,1986,-0.7,6.920963254155338,6.220963254155338
PL,1987,-0.9,6.045150227281008,5.1451502272810075
PL,1988,-2.6,5.7440465362038315,3.1440465362038315
PL,1989,-0.7,4.78708331909054,4.08708331909054
PL,1990,-0.3,4.137318803841476,3.837318803841476
PL,1991,-0.4,3.7189954943488175,3.3189954943488176
PL,1992,-0.3,3.145064846781295,2.845064846781295
PL,1993,-0.4,2.656325501505696,2.256325501505696
PL,1994,-0.5,2.4642961183940444,1.9642961183940444
PL,1995,-0.5,1.2189028593829172,0.7189028593829172
PL,1996,-0.3,1.1061555244618027,0.8061555244618026
PL,1997,-0.3,0.8394294302276014,0.5394294302276015
PL,1998,-0.3,0.5241854890816159,0.2241854890816159
PL,1999,-0.4,0.01518091028720808,-0.38481908971279194
PL,2000,-0.5,0.26973625355866426,-0.23026374644133574
PL,2001,-0.4,0.13031332315835056,-0.2696866768416495
PL,2002,-0.5,-0.14959914567669844,-0.6495991456766984
PL,2003,-0.4,-0.3704485659064185,-0.7704485659064185
PL,2004,-0.2,-0.1935292572456558,-0.3935292572456558
PL,2005,-0.3,-0.10221660988475484,-0.4022166098847548
PL,2006,-0.9,0.11945366328716932,-0.7805463367128307
PL,2007,-0.5,0.2792620651402177,-0.22073793485978233
PL,2008,-0.4,0.9208817975801588,0.5208817975801587
PL,2009,0.0,0.8561229850862742,0.8561229850862742
PL,2010,0.1,0.9158172677606207,1.0158172677606208
PL,2011,-0.3,0.33930840146518176,0.039308401465181775
PL,2012,-0.1,0.03859310706615883,-0.061406892933841176
PL,2013,-0.7,-0.4659700148715791,-1.165970014871579
PL,2014,-0.3,-0.034378582527115675,-0.33437858252711566
PL,2015,-0.3,-0.6739267519793259,-0.973926751979326
PL,2016,0.3,-0.15149915286109125,0.14850084713890874
PL,2017,0.1,-0.022911037442323437,0.07708896255767657
PL,2018,0.6,-0.6852098499271408,-0.08520984992714087
PL,2019,0.5,-0.9152601076791468,-0.4152601076791468
PL,2020,-20.3,-3.215278894870976,-23.515278894870978
PL,2021,0.1,-5.071188994295823,-4.971188994295823
PL,2022,0.2,-3.884980442134065,-3.684980442134065
PL,2023,0.1,-3.7162208489498862,-3.616220848949886
PL,2024,0.9,-4.279569874855855,-3.379569874855855
PL,2025,,,
PT,1960,-6.3,13.469914027128814,7.169914027128814
PT,1961,-4.3,13.265924148693184,8.965924148693183
PT,1962,-8.2,13.750997854890715,5.550997854890715
PT,1963,-10.1,12.655994801928875,2.5559948019288754
PT,1964,-14.8,13.299963061187926,-1.500036938812075
PT,1965,-19.5,12.74949466980479,-6.75050533019521
PT,1966,-20.4,11.914223655396032,-8.485776344603966
PT,1967,-16.3,11.946311592459246,-4.353688407540755
PT,1968,-15.6,11.326407317486309,-4.273592682513691
PT,1969,-23.8,10.05364149787929,-13.74635850212071
PT,1970,-14.0,10.071387427120785,-3.9286125728792154
PT,1971,-14.1,9.529331479679918,-4.570668520320082
PT,1972,-8.3,9.782868327253585,1.482868327253584
PT,1973,-9.7,8.90269318944955,-0.7973068105504488
PT,1974,19.9,8.697042736627422,28.597042736627422
PT,1975,38.2,9.202703418015053,47.40270341801506
PT,1976,1.2,9.098273385468762,10.298273385468761
PT,1977,2.0,9.033891582241665,11.033891582241665
PT,1978,3.2,7.496576401466625,10.696576401466626
PT,1979,3.8,7.032915112561609,10.832915112561608
PT,1980,4.3,6.538790578541154,10.838790578541154
PT,1981,0.8,5.738129151749241,6.538129151749241
PT,1982,-0.2,5.931298798927929,5.731298798927929
PT,1983,-1.2,4.840807290154973,3.6408072901549726
PT,1984,-0.5,4.591885270230864,4.091885270230864
PT,1985,-1.9,3.330968926098214,1.4309689260982141
PT,1986,-2.7,3.1098772448884273,0.40987724488842714
PT,1987,-3.8,2.7979502625152395,-1.0020497374847603
PT,1988,-3.5,2.4188009932954055,-1.0811990067045945
PT,1989,-4.1,2.270819716986361,-1.8291802830136388
PT,1990,-3.9,1.3558430151275584,-2.5441569848724415
PT,1991,-3.3,1.2453812223551597,-2.05461877764484
PT,1992,-0.9,1.4357747098023532,0.5357747098023532
PT,1993,1.1,0.8046241882688003,1.9046241882688004
PT,1994,2.4,1.002066191309324,3.402066191309324
PT,1995,3.1,0.36188664235638357,3.461886642356384
PT,1996,3.7,0.3365296012134182,4.036529601213418
PT,1997,4.1,0.8086911440436104,4.90869114404361
PT,1998,4.5,0.709115019324519,5.2091150193245195
PT,1999,5.3,0.7982028214619274,6.0982028214619275
PT,2000,6.5,1.4288192570959455,7.928819257095945
PT,2001,5.4,0.7436035286417069,6.143603528641707
PT,2002,4.0,0.7816506711276713,4.781650671127672
PT,2003,2.4,0.3561651809855282,2.756165180985528
PT,2004,1.4,0.6956903671805252,2.0956903671805254
PT,2005,1.5,0.1843792735971167,1.6843792735971168
PT,2006,1.6,0.3290528870466747,1.9290528870466748
PT,2007,2.1,-0.09684229554977371,2.0031577044502265
PT,2008,0.9,0.0297536163672938,0.9297536163672938
PT,2009,1.5,-0.46795355946702333,1.0320464405329766
PT,2010,0.4,-0.43240261790844814,-0.03240261790844812
PT,2011,-0.7,-0.5665523567679502,-1.2665523567679502
PT,2012,-3.5,-1.6830271949388906,-5.183027194938891
PT,2013,-3.4,-2.262685753819371,-5.662685753819371
PT,2014,-2.5,-2.1520300663762826,-4.652030066376282
PT,2015,-0.3,-2.216328217824497,-2.516328217824497
PT,2016,-0.1,-2.2613567909276453,-2.3613567909276454
PT,2017,1.4,-2.2817971095303213,-0.8817971095303214
PT,2018,2.3,-2.51853514542216,-0.21853514542216024
PT,2019,6.5,-2.440026105395502,4.059973894604498
PT,2020,5.6,-3.7459778639752996,1.8540221360247
PT,2021,6.9,-4.354214623653721,2.545785376346279
PT,2022,13.0,-3.9045718419628144,9.095428158037185
PT,2023,14.7,-3.0994746316331074,11.600525368366892
PT,2024,13.4,-3.1703823951857406,10.22961760481426
PT,2025,,,
RO,1960,-0.9,10.454653885183914,9.554653885183914
RO,1961,-2.2,8.809219988537194,6.609219988537194
RO,1962,-0.4,6.959427156355589,6.559427156355588
RO,1963,-0.9,7.424748628396985,6.524748628396985
RO,1964,-0.7,7.153644245300528,6.453644245300528
RO,1965,-0.6,6.057455334505951,5.457455334505951
RO,1966,7.7,6.090790949201924,13.790790949201924
RO,1967,1.3,18.01964078046259,19.319640780462592
RO,1968,-9.1,17.11790851815508,8.01790851815508
RO,1969,-0.2,13.307675691512284,13.107675691512284
RO,1970,-0.6,11.607924942711135,11.007924942711135
RO,1971,-0.2,10.10942777809865,9.909427778098651
RO,1972,-0.4,9.695582255800547,9.295582255800547
RO,1973,-0.6,8.43872199499932,7.83872199499932
RO,1974,-0.6,11.303800330729599,10.7038003307296
RO,1975,3.9,10.436692475659685,14.336692475659685
RO,1976,0.0,9.907814611583172,9.907814611583172
RO,1977,-0.8,9.939850589879224,9.139850589879224
RO,1978,-0.5,9.368819099227615,8.868819099227615
RO,1979,-4.9,8.757770722057773,3.857770722057772
RO,1980,-0.8,7.546671955981814,6.746671955981814
RO,1981,-0.6,7.022114008800149,6.42211400880015
RO,1982,-0.8,5.362454550311302,4.562454550311302
RO,1983,-0.9,3.888892711422418,2.988892711422418
RO,1984,-1.0,5.18028903606843,4.18028903606843
RO,1985,-0.9,4.9422643625480855,4.042264362548085
RO,1986,-0.8,5.9075561368412774,5.107556136841278
RO,1987,-0.9,5.630603774840841,4.730603774840841
RO,1988,-0.8,5.506611472312272,4.7066114723122725
RO,1989,-1.0,5.289050426408543,4.289050426408543
RO,1990,-3.7,2.914947593628044,-0.7850524063719564
RO,1991,-17.6,1.0139152374622686,-16.586084762537734
RO,1992,-1.2,-0.1517753041588932,-1.3517753041588931
RO,1993,-0.8,-0.5851562082597681,-1.3851562082597682
RO,1994,-0.7,-0.8512826189277866,-1.5512826189277864
RO,1995,-0.9,-1.5424177653839573,-2.4424177653839574
RO,1996,-0.9,-2.4192112117926503,-3.31921121179265
RO,1997,-0.6,-1.8786759036965155,-2.4786759036965154
RO,1998,-0.3,-1.414759319336913,-1.714759319336913
RO,1999,-0.1,-1.3604229165939445,-1.4604229165939446
RO,2000,-0.2,-0.9484987743529031,-1.1484987743529032
RO,2001,-25.2,-1.7491841561676609,-26.94918415616766
RO,2002,-6.8,-2.7085463185145495,-9.508546318514549
RO,2003,-2.4,-2.502183677278784,-4.902183677278784
RO,2004,-4.5,-1.9807963722371238,-6.480796372237124
RO,2005,-4.0,-1.9212571263201423,-5.921257126320143
RO,2006,-4.1,-1.8163885279100322,-5.916388527910032
RO,2007,-21.9,-1.7622391667628547,-23.662239166762852
RO,2008,-8.0,-1.5169034274011821,-9.516903427401182
RO,2009,-5.4,-1.7037429508094064,-7.103742950809407
RO,2010,-2.4,-2.3416970839110913,-4.741697083911092
RO,2011,-2.4,-2.732652050771276,-5.132652050771275
RO,2012,-1.1,-2.7087485487158736,-3.8087485487158736
RO,2013,-0.7,-2.940848270590808,-3.6408482705908076
RO,2014,-1.0,-2.8186756600927314,-3.8186756600927314
RO,2015,-2.5,-3.042024751383284,-5.542024751383284
RO,2016,-3.2,-2.6634332941054124,-5.863433294105413
RO,2017,-3.0,-2.633431801314491,-5.633431801314491
RO,2018,-2.9,-3.185248957930233,-6.085248957930233
RO,2019,-1.3,-3.099185153662286,-4.399185153662286
RO,2020,-1.4,-5.171340356828486,-6.571340356828486
RO,2021,-0.9,-7.412691672210458,-8.312691672210457
RO,2022,5.6,-4.973980599165114,0.6260194008348856
RO,2023,5.1,-4.407346897135001,0.6926531028649983
RO,2024,3.7,-5.340479565939582,-1.6404795659395814
RO,2025,,,
SE,1960,-0.1,3.6306715859058842,3.530671585905884
SE,1961,1.7,4.127252093800893,5.827252093800893
SE,1962,1.1,4.043077007934736,5.143077007934735
SE,1963,1.3,4.807055606881702,6.107055606881702
SE,1964,2.8,6.03119734927808,8.83119734927808
SE,1965,4.2,5.797380185050421,9.997380185050421
SE,1966,3.3,5.7785738602196,9.0785738602196
SE,1967,1.0,5.301100790912967,6.301100790912967
SE,1968,1.1,3.879877974461197,4.979877974461197
SE,1969,6.1,3.0616109489783616,9.16161094897836
SE,1970,5.8,3.7645681340857386,9.56456813408574
SE,1971,0.3,3.9288573645348546,4.228857364534854
SE,1972,-1.8,3.47695343122577,1.6769534312257701
SE,1973,-1.2,2.9551635156444807,1.7551635156444807
SE,1974,1.2,2.8928724794353458,4.0928724794353455
SE,1975,2.0,1.8863939312515572,3.886393931251557
SE,1976,2.4,0.934161928954232,3.3341619289542317
SE,1977,2.8,0.9539658364399651,3.753965836439965
SE,1978,1.7,0.428332818833967,2.128332818833967
SE,1979,1.6,0.6254027969422982,2.2254027969422983
SE,1980,1.2,0.6343418489541369,1.834341848954137
SE,1981,0.4,0.2441702401560381,0.6441702401560381
SE,1982,0.3,0.24966845039035027,0.5496684503903503
SE,1983,0.3,0.11888338956477632,0.41888338956477633
SE,1984,1.0,0.4089752726611854,1.4089752726611855
SE,1985,1.3,0.5311272831970435,1.8311272831970435
SE,1986,1.8,1.035517595483875,2.835517595483875
SE,1987,2.5,1.359180835836559,3.859180835836559
SE,1988,3.5,1.8227760604861678,5.322776060486168
SE,1989,5.2,2.826967327147493,8.026967327147492
SE,1990,4.1,3.3747939935539173,7.4747939935539165
SE,1991,2.9,3.3216423009721057,6.221642300972105
SE,1992,2.3,3.2551607335390993,5.555160733539099
SE,1993,3.7,2.4148606312484806,6.114860631248481
SE,1994,5.8,2.3342190474698485,8.134219047469848
SE,1995,1.3,1.0737966065667988,2.373796606566799
SE,1996,0.7,0.13171151647480236,0.8317115164748023
SE,1997,0.7,-0.31929451289439914,0.3807054871056008
SE,1998,1.2,-0.47956372472838754,0.7204362752716125
SE,1999,1.5,-0.7400905456115104,0.7599094543884896
SE,2000,2.7,-0.34080293623170804,2.359197063768292
SE,2001,3.2,-0.25735151740578865,2.9426484825942114
SE,2002,3.5,0.0904690111086068,3.5904690111086066
SE,2003,3.2,0.6930037934016554,3.8930037934016557
SE,2004,2.8,1.1582422259285379,3.9582422259285375
SE,2005,3.0,1.0693131538390517,4.069313153839052
SE,2006,5.6,1.6286918562754595,7.228691856275459
SE,2007,5.9,1.7218871365089343,7.621887136508935
SE,2008,6.0,1.9440424605357312,7.944042460535731
SE,2009,6.7,2.34660606392565,9.046606063925651
SE,2010,5.3,2.692951114276238,7.992951114276238
SE,2011,4.8,2.3187125155460584,7.118712515546058
SE,2012,5.4,2.239726327145148,7.639726327145148
SE,2013,6.9,2.426879413572337,9.326879413572337
SE,2014,7.9,2.6885811972050617,10.588581197205063
SE,2015,8.1,2.458410512390284,10.558410512390283
SE,2016,11.9,2.6842913782404394,14.58429137824044
SE,2017,10.1,2.3455368817265727,12.445536881726571
SE,2018,8.5,2.3366042037334678,10.836604203733469
SE,2019,7.0,2.5177452802661926,9.517745280266192
SE,2020,3.5,1.4478693913942546,4.947869391394255
SE,2021,4.9,2.1489898880415286,7.048989888041529
SE,2022,5.6,0.9564378302016222,6.556437830201622
SE,2023,2.3,0.5385135050367075,2.8385135050367074
SE,2024,2.7,0.6807429357164675,3.3807429357164676
SE,2025,,,
SI,1960,-2.7,8.02259994242456,5.322599942424559
SI,1961,-2.8,9.403966507731116,6.6039665077311165
SI,1962,-2.9,8.233934012231165,5.333934012231165
SI,1963,2.5,8.751564889507762,11.251564889507762
SI,1964,-0.1,7.65990159901599,7.559901599015991
SI,1965,4.4,8.912073845688052,13.312073845688053
SI,1966,2.4,9.453090551607982,11.853090551607982
SI,1967,3.6,8.019803335919086,11.619803335919086
SI,1968,-0.4,6.551959320653501,6.151959320653501
SI,1969,-0.6,5.44991320378628,4.84991320378628
SI,1970,2.2,5.8667225457582814,8.066722545758282
SI,1971,1.3,6.266936984744659,7.566936984744659
SI,1972,2.4,6.049692758593418,8.449692758593418
SI,1973,1.3,6.782284903704512,8.082284903704512
SI,1974,-3.8,6.437558948003985,2.637558948003985
SI,1975,10.4,6.52589271355908,16.92589271355908
SI,1976,6.0,6.735198127723286,12.735198127723287
SI,1977,4.8,6.698911993186992,11.498911993186992
SI,1978,3.9,6.474495173406053,10.374495173406054
SI,1979,4.5,6.653373451565674,11.153373451565674
SI,1980,2.9,5.854001766448467,8.754001766448466
SI,1981,-8.7,5.491823796611376,-3.208176203388623
SI,1982,2.3,4.858431464227644,7.158431464227644
SI,1983,2.0,3.3888438862846493,5.388843886284649
SI,1984,1.7,3.144019436888479,4.844019436888479
SI,1985,1.8,3.13861916246007,4.93861916246007
SI,1986,16.8,3.1190243531530863,19.919024353153088
SI,1987,1.4,2.898534666071682,4.298534666071681
SI,1988,-1.9,3.0505509847718177,1.1505509847718178
SI,1989,-2.4,2.393397868583522,-0.006602131416477697
SI,1990,-0.1,1.909959892344983,1.809959892344983
SI,1991,-1.6,1.1295310621042078,-0.47046893789579225
SI,1992,-2.7,0.32467662408350145,-2.3753233759164987
SI,1993,-2.2,-0.10982486194162333,-2.3098248619416237
SI,1994,0.0,0.05227685824124564,0.05227685824124564
SI,1995,0.4,0.006031735978852733,0.4060317359788528
SI,1996,-1.7,0.08441082749743,-1.61558917250257
SI,1997,-0.7,-0.3839980996371897,-1.0839980996371896
SI,1998,-2.7,-0.5959928924195045,-3.2959928924195045
SI,1999,5.4,-0.6834033080359535,4.716596691964047
SI,2000,1.4,-0.2052566840480844,1.1947433159519156
SI,2001,2.5,-0.5180659808029168,1.9819340191970833
SI,2002,1.1,-0.6017975693396174,0.4982024306603827
SI,2003,1.8,-1.0676515125313717,0.7323484874686284
SI,2004,0.9,-0.2815020589220875,0.6184979410779126
SI,2005,3.2,-0.33440295556145155,2.8655970444385486
SI,2006,3.1,0.37536975418272717,3.475369754182727
SI,2007,7.1,0.6163023154363585,7.716302315436359
SI,2008,9.2,1.7455375375136362,10.945537537513635
SI,2009,5.6,1.528271046201415,7.128271046201415
SI,2010,-0.3,1.8241542646323161,1.524154264632316
SI,2011,1.0,1.5842441843166655,2.5842441843166655
SI,2012,0.3,1.3043080599524397,1.6043080599524397
SI,2013,0.2,0.8631153461131394,1.0631153461131395
SI,2014,-0.2,1.1057282935929378,0.9057282935929378
SI,2015,0.2,0.3912017893482588,0.5912017893482588
SI,2016,0.5,0.31780051041862467,0.8178005104186247
SI,2017,0.6,-0.1297258573160785,0.4702741426839215
SI,2018,7.2,-0.43543892243381327,6.764561077566187
SI,2019,7.8,-0.6055049045897272,7.194495095410272
SI,2020,8.7,-2.504459980886137,6.195540019113862
SI,2021,1.2,-2.0279974603800803,-0.8279974603800804
SI,2022,6.9,-2.3087728623088677,4.591227137691133
SI,2023,5.4,-2.149768631800515,3.2502313681994854
SI,2024,5.4,-2.180372504236213,3.2196274957637874
SI,2025,,,
SK,1960,34.4,14.309206631664702,48.7092066316647
SK,1961,-1.3,13.429954635861645,12.129954635861644
SK,1962,-1.6,11.738921231532618,10.138921231532619
SK,1963,-2.2,12.719656470673304,10.519656470673304
SK,1964,-1.9,12.545754613096483,10.645754613096482
SK,1965,-1.6,11.113747006458096,9.513747006458097
SK,1966,-1.2,10.268301968592148,9.068301968592149
SK,1967,-1.5,9.49529330954038,7.995293309540379
SK,1968,-1.1,8.572317597046899,7.472317597046899
SK,1969,-0.7,8.697837361150889,7.997837361150888
SK,1970,-7.7,8.47030400821769,0.77030400821769
SK,1971,-1.1,8.85616171316926,7.756161713169261
SK,1972,-0.7,10.138563722416164,9.438563722416164
SK,1973,-0.6,10.652119120807166,10.052119120807166
SK,1974,-0.6,11.287227581558584,10.687227581558584
SK,1975,-0.7,11.114639163974495,10.414639163974496
SK,1976,-0.5,11.418634201700094,10.918634201700094
SK,1977,-0.4,10.871795382975773,10.471795382975772
SK,1978,-0.7,10.772555519817166,10.072555519817167
SK,1979,-0.8,10.66262378312651,9.862623783126509
SK,1980,-2.3,8.970038287019063,6.6700382870190635
SK,1981,-0.8,8.738015450944083,7.938015450944083
SK,1982,-0.7,8.384828791625536,7.684828791625535
SK,1983,-0.8,7.807948893998718,7.0079488939987185
SK,1984,-0.8,7.6530063061366915,6.853006306136692
SK,1985,-0.6,7.3263683170287575,6.726368317028758
SK,1986,-0.8,6.56598120822164,5.76598120822164
SK,1987,-0.7,6.14854969792893,5.44854969792893
SK,1988,-0.7,5.874959805017098,5.174959805017098
SK,1989,-0.5,4.97965510559969,4.47965510559969
SK,1990,-0.4,4.797960838275813,4.397960838275813
SK,1991,-7.3,4.509942265734287,-2.790057734265713
SK,1992,-0.6,4.006324165006099,3.4063241650060987
SK,1993,0.3,3.866842423677894,4.1668424236778945
SK,1994,0.9,2.8078565264768467,3.7078565264768466
SK,1995,0.5,1.6319384220960842,2.131938422096084
SK,1996,0.4,1.6556161846868078,2.0556161846868077
SK,1997,0.3,1.2989567445730863,1.5989567445730863
SK,1998,0.2,0.8215084498807458,1.0215084498807459
SK,1999,0.3,0.7084608507240912,1.008460850724091
SK,2000,-4.1,0.4495562507490289,-3.6504437492509707
SK,2001,0.2,-0.15691281838289442,0.04308718161710559
SK,2002,-0.6,-0.12846370974563628,-0.7284637097456362
SK,2003,-0.5,-0.09618831924028717,-0.5961883192402871
SK,2004,-0.2,0.3527632344386271,0.1527632344386271
SK,2005,-0.1,0.17775097553644034,0.07775097553644034
SK,2006,-0.1,0.11222930960548885,0.012229309605488847
SK,2007,0.4,0.10571021257430423,0.5057102125743043
SK,2008,0.4,0.7804966607540386,1.1804966607540386
SK,2009,-0.1,1.5428058964763125,1.4428058964763124
SK,2010,-0.9,1.2921095055849183,0.3921095055849183
SK,2011,0.5,1.6523114000585264,2.1523114000585264
SK,2012,0.6,0.5732448954743999,1.1732448954744
SK,2013,0.4,0.5052823630211671,0.9052823630211672
SK,2014,0.3,0.6807671194835845,0.9807671194835845
SK,2015,0.6,0.32759374096742344,0.9275937409674234
SK,2016,0.7,0.9594099205123536,1.6594099205123536
SK,2017,0.7,0.746043074006553,1.4460430740065529
SK,2018,0.7,0.6147209688560973,1.3147209688560972
SK,2019,0.7,0.7008632911109068,1.4008632911109067
SK,2020,0.8,-0.44687738245283465,0.3531226175471654
SK,2021,-1.5,-3.094629619759474,-4.594629619759473
SK,2022,0.2,-1.272376530715887,-1.072376530715887
SK,2023,0.3,-1.0142219484555681,-0.7142219484555681
SK,2024,0.4,-1.4074544761753074,-1.0074544761753073
SK,2025,,,
