freq,indic_de,geo\TIME_PERIOD	1960 	1961 	1962 	1963 	1964 	1965 	1966 	1967 	1968 	1969 	1970 	1971 	1972 	1973 	1974 	1975 	1976 	1977 	1978 	1979 	1980 	1981 	1982 	1983 	1984 	1985 	1986 	1987 	1988 	1989 	1990 	1991 	1992 	1993 	1994 	1995 	1996 	1997 	1998 	1999 	2000 	2001 	2002 	2003 	2004 	2005 	2006 	2007 	2008 	2009 	2010 	2011 	2012 	2013 	2014 	2015 	2016 	2017 	2018 	2019 	2020 	2021 	2022 	2023 	2024 	2025 
A,CNMIGRATRT,AD	: 	: 	: 	: 	: 	: 	: 	: 	: 	: 	: 	: 	: 	: 	: 	: 	: 	: 	: 	: 	: 	: 	: 	: 	: 	: 	: 	: 	: 	: 	: 	: 	: 	: 	: 	: 	: 	: 	: 	: 	: 	: 	: 	: 	53.9 	14.4 	26.2 	16.1 	8.5 	-11.5 	4.1 	: 	-29.8 	: 	: 	: 	14.5 e	: 	15.6 e	14.7 e	: 	: 	23.9 	40.9 	: 	: 
A,CNMIGRATRT,AL	-1.8 	-0.6 	1.3 	0.1 	-0.7 	0.5 	0.6 	-0.2 	2.6 	0.0 	0.0 	0.0 	0.0 	0.0 	0.0 	0.0 	0.0 	0.0 	-2.3 	0.0 	0.0 	0.1 	0.4 	0.4 	0.3 	-1.1 	-0.2 	0.3 	-2.9 	7.6 	-12.1 	-38.1 	-10.2 	-35.5 	-9.2 	-37.3 	-8.3 	-34.4 	-5.6 	-34.1 	-9.3 	-14.3 	-12.6 	-12.5 	-12.5 	-12.6 	-13.6 	-14.6 	-13.4 	-10.7 	-8.7 	-6.4 	-6.8 	-7.1 	-7.5 	-7.1 	-3.2 	-5.2 	-5.2 	-8.1 	-5.9 	-11.7 	-11.7 	: 	-12.1 	: 
A,CNMIGRATRT,AM	: 	: 	: 	: 	: 	: 	: 	: 	: 	: 	: 	: 	: 	: 	: 	: 	: 	: 	: 	: 	: 	: 	: 	: 	: 	: 	: 	: 	: 	: 	: 	: 	: 	: 	: 	: 	-8.0 	-8.6 	-6.9 	-5.5 	-6.8 	-3.3 	-2.9 	-2.5 	-2.6 	-2.4 	-2.1 	-1.9 	-1.8 	-1.6 	-1.1 	-1.1 	: 	: 	: 	-8.6 	-8.3 	-8.0 	-6.2 	-5.2 	1.1 	: 	: 	0.6 	25.3 	: 
A,CNMIGRATRT,AT	-0.3 	-0.4 	0.2 	0.7 	0.4 	1.4 	2.6 	2.9 	-0.9 	0.7 	1.4 	4.2 	4.7 	4.5 	-2.2 	-3.2 	1.0 	1.7 	-1.2 	-0.3 	1.2 	3.9 	-3.1 	-0.2 	0.4 	0.7 	0.8 	0.2 	1.7 	5.9 	7.6 	9.9 	9.1 	4.2 	0.4 	0.3 	0.5 	0.2 	1.1 	2.5 	2.2 	5.2 	4.3 	5.2 	6.6 	6.1 	3.0 	2.8 	2.9 	2.1 	2.6 	3.7 	5.2 	6.6 	8.6 	13.2 	7.5 	5.1 	4.0 	4.6 	4.4 	5.8 	15.1 	7.2 	5.4 	: 
A,CNMIGRATRT,AZ	: 	: 	: 	: 	: 	: 	: 	: 	: 	: 	: 	: 	: 	: 	: 	: 	: 	: 	: 	: 	: 	: 	: 	: 	: 	: 	: 	: 	: 	: 	: 	: 	: 	: 	: 	: 	-1.0 	-1.0 	-0.6 	-0.5 	-0.7 	-0.6 	-0.4 	-0.2 	-0.1 	-0.1 	0.0 	-0.1 	19.1 	0.1 	0.2 	0.2 	0.2 	0.2 	0.1 	0.1 	0.2 	0.1 	0.2 	0.0 	0.1 	0.2 	-9.0 	0.1 	0.1 	: 
A,CNMIGRATRT,BA	-7.4 	-4.4 	0.1 	-0.2 	0.4 	0.4 	0.1 	-0.1 	-25.5 	-29.3 	-2.0 	0.0 	0.2 	-0.1 	-0.4 	0.2 	0.1 	0.0 	0.1 	-16.0 	-16.4 	-0.1 	-0.4 	0.3 	-0.1 	-0.1 	0.0 	0.1 	-0.2 	0.3 	-4.2 	-37.2 	: 	: 	: 	: 	-40.1 	-54.4 	34.0 	13.5 	7.3 	4.2 	3.0 	0.9 	0.7 	0.0 	0.1 	0.3 	0.0 	0.1 	0.1 	-0.1 	0.0 	0.1 	0.0 	: 	0.0 	-0.6 	0.0 p	: 	: 	: 	-2.5 p	-4.3 p	0.1 p	: 
A,CNMIGRATRT,BE	1.0 	-4.3 	2.1 	3.7 	5.3 	3.2 	2.3 	1.9 	0.6 	0.7 	-3.4 	2.3 	1.3 	1.9 	2.5 	2.5 	0.8 	0.5 	-0.3 	0.2 	-0.2 	-2.1 	-0.5 	-0.8 	0.0 	-0.1 	0.0 	-0.1 	3.7 	0.7 	2.0 	1.3 	2.6 	1.8 	1.7 	0.2 	1.5 	1.0 	1.2 	1.6 	1.3 	3.3 	3.7 	3.2 	3.2 	4.7 	4.9 	5.5 	5.9 	5.9 	7.9 	4.6 b	3.9 b	2.4 	3.2 	5.5 	2.4 	3.2 	4.3 	5.0 	3.9 	4.9 	10.9 	6.4 	7.2 p	: 
A,CNMIGRATRT,BG	0.0 	0.0 	0.0 	0.0 	0.0 	-0.7 	0.0 	0.0 	0.0 	-0.3 	-1.3 	-1.1 	-1.2 	-0.6 	-0.2 	-3.8 	-0.3 	-1.2 	-6.9 	0.0 	0.0 	0.0 	0.0 	0.0 	0.0 	-3.7 	0.1 	0.0 	0.0 	-25.3 	-10.9 	-6.9 	-10.7 	0.0 	0.0 	0.0 	0.1 	0.0 	0.0 	0.0 	0.0 	-29.5 	-2.2 	-2.0 	-2.1 	-2.2 	-2.3 	-2.3 	-2.4 	-2.5 	-2.4 	-0.7 	-0.3 	-6.6 	-6.6 	-6.7 	-6.8 	-6.8 	-7.0 	-7.3 	4.3 	6.3 	4.2 	6.4 	6.1 	: 
A,CNMIGRATRT,BY	: 	: 	: 	: 	: 	: 	: 	: 	: 	: 	: 	: 	: 	: 	: 	: 	: 	: 	: 	: 	: 	: 	: 	: 	: 	: 	: 	: 	: 	: 	: 	: 	: 	: 	: 	: 	0.2 	-0.2 	-0.3 	2.3 	1.2 	0.9 	0.6 	0.5 	0.2 	0.2 	0.6 	0.5 	0.8 	-17.3 	3.2 	1.0 	1.0 	: 	1.7 	1.9 e	0.8 	0.4 	1.0 	-3.6 	: 	: 	: 	: 	: 	: 
A,CNMIGRATRT,CH	4.2 	18.4 	14.6 	10.0 	3.6 	-0.3 	2.4 	4.5 	4.1 	3.3 	-2.9 	0.4 	3.1 	1.2 	0.3 	-9.1 	-8.6 	-3.6 	-1.1 	0.6 	2.7 	3.7 	3.3 	0.8 	1.9 	2.1 	3.4 	4.0 	5.1 	5.1 	9.4 	9.1 	5.9 	5.7 	4.2 	3.5 	-0.2 	-0.4 	1.5 	3.5 	3.3 	5.6 	6.5 	5.7 	5.1 	4.3 	4.9 	9.4 	12.1 	8.8 	7.7 	8.3 b	8.3 	10.2 	9.4 	8.5 	8.3 	5.2 	4.7 	5.0 	6.3 	5.7 	7.8 	15.6 	8.9 p	: 
A,CNMIGRATRT,CY	: 	-11.3 	-9.8 	-3.3 	-8.7 	-4.8 	-5.6 	-3.5 	-2.4 	-1.5 	-1.5 	0.9 	4.9 	0.7 	-30.5 	-23.7 b	-10.7 	-8.4 	-3.8 	-2.3 	1.6 	9.2 	-8.9 	1.0 	0.3 	0.4 	0.3 	0.5 	0.5 	8.0 	15.0 	17.7 	16.4 	12.8 	11.0 	9.2 	8.0 	7.2 	6.2 	6.1 	5.7 	6.6 	7.7 	8.7 	9.7 	11.0 	13.7 	19.9 	21.1 	22.0 	19.2 	21.3 	-0.7 	-11.6 	-3.5 	-0.5 	2.5 	6.3 bep	9.1 	10.0 	9.4 	13.2 	17.5 	14.4 	10.6 p	: 
A,CNMIGRATRT,CZ	-11.1 	0.5 	0.6 	0.9 	0.5 	0.4 	0.2 	-0.3 	-0.2 	-0.3 	-12.3 	0.3 	0.3 	0.5 	0.3 	0.2 	0.3 	0.1 	0.2 	0.2 	-4.0 	0.2 	0.2 	0.2 	0.3 	0.2 	0.3 	0.3 	0.2 	0.1 	-5.7 	0.3 	1.1 	0.5 	1.0 	1.0 	1.0 	1.2 	0.9 	0.9 	-2.7 	-1.4 	0.7 	2.0 	1.3 	3.0 	2.9 	7.7 	6.5 	2.4 	1.4 	1.6 	1.0 	-0.1 	2.1 	1.5 	1.9 	2.7 	3.6 	4.1 	2.5 	4.8 b	30.9 	8.7 	3.4 	: 
A,CNMIGRATRT,DE	6.8 	4.4 	5.0 	4.1 	5.2 	5.8 	2.2 	-2.9 	: 	: 	-4.4 	: 	: 	: 	: 	-3.2 	: 	: 	: 	: 	5.1 	: 	: 	-1.9 	-2.4 	1.5 	3.2 	2.3 	7.9 	15.8 	16.3 	7.5 b	9.6 	5.7 	3.9 	4.9 	3.4 	1.1 	0.6 	2.5 	2.0 	3.3 	2.7 	1.7 	1.0 	1.0 	0.3 	0.5 	-0.7 	-0.1 	1.6 	3.7 b	4.9 	5.6 	7.2 	14.3 	5.6 	5.1 	4.8 	3.7 	2.4 	3.7 	2.5 b	8.1 b	5.4 	: 
A,CNMIGRATRT,DK	-0.9 	0.6 	0.8 	0.1 	0.3 	-0.4 	0.4 	0.3 	-0.7 	1.4 	4.3 	-0.3 	1.4 	1.4 	-0.3 	-2.0 	0.7 	1.1 	1.1 	1.1 	0.1 	-0.3 	0.0 	0.4 	0.8 	1.9 	2.2 	1.2 	0.1 	0.7 	1.7 	2.1 	2.2 	2.2 	2.0 	5.5 	3.3 	2.3 	2.1 	1.8 	1.9 	2.2 	1.8 	1.3 	0.9 	1.2 	1.9 	3.7 	4.6 	2.8 	3.0 	2.4 	3.0 	3.8 	4.8 	7.4 	5.7 	4.2 	3.2 	1.6 	1.9 	4.6 	10.2 	5.0 	5.3 	: 
A,CNMIGRATRT,EE	2.4 	7.8 	8.0 	9.6 	9.0 	8.7 	5.1 	3.2 	7.3 	5.3 	7.7 	7.1 	5.7 	5.0 	4.0 	4.0 	3.8 	4.5 	3.1 	2.7 	4.1 	4.2 	3.6 	2.7 	3.0 	4.1 	4.0 	3.2 	0.7 	-0.5 	-3.6 	-8.1 	-27.1 	-19.0 	-14.3 	-10.8 	-9.5 	-4.9 	-4.7 	20.2 	-2.3 	-2.4 	-2.2 	-2.8 	-2.7 	-3.8 	-4.0 	-2.1 	-1.5 	-1.6 	-2.8 	-2.9 	-2.8 	-2.0 	-0.5 	1.8 b	0.8 	4.0 	5.3 	4.1 	2.8 	5.3 	29.5 	10.1 	1.0 	: 
A,CNMIGRATRT,EL	-4.1 	-2.0 	-6.6 	-5.8 	-6.4 	-3.9 	-1.3 	-3.0 	-4.4 	-7.6 	-5.3 	-1.8 	-0.1 	-4.7 	-2.2 	6.5 	10.6 	2.0 	10.6 	0.6 	5.8 	0.2 	1.3 	0.9 	1.0 	0.6 	1.5 	2.0 	2.7 	5.3 	14.1 	8.5 	5.6 	5.2 	3.8 	4.8 	3.9 	5.8 	5.3 	2.8 	5.8 	4.8 	2.6 	2.4 	2.6 	2.9 	2.2 	2.1 	2.1 	1.3 	-0.1 	-2.9 	-6.0 	-5.4 	-4.3 	-4.2 	1.0 	0.8 	1.6 	3.3 	0.6 	-15.0 b	1.6 	4.1 	6.4 ep	: 
A,CNMIGRATRT,ES	-4.7 	-2.7 	-4.1 	-3.3 	-3.0 	-1.6 	-3.0 	2.9 	-0.8 	-2.2 	2.1 	0.0 	0.0 	0.0 	0.0 	0.2 	0.1 	0.1 	0.0 	0.0 	0.2 	0.2 	-0.5 	-0.5 	-0.5 	-0.5 	-0.6 	-0.6 	-0.7 	-0.8 	-1.0 	2.9 	3.8 	3.8 	3.8 	3.8 	3.8 	3.8 	3.9 	3.9 	3.9 	7.9 	17.9 	15.7 	15.5 	14.5 	14.9 	17.2 	9.5 	3.0 	1.6 	1.4 	-3.0 	-5.4 	-2.2 	-0.1 	1.7 	3.8 	7.0 	9.7 	5.0 	4.2 	15.3 	13.4 	11.8 p	: 
A,CNMIGRATRT,FI	-2.1 	-2.6 	-1.6 	-1.7 	-4.4 	-4.6 	-2.7 	-1.2 	-3.2 	-8.8 	-7.9 	2.7 	2.7 	2.6 	1.2 	-0.8 	-2.5 	-1.2 	-1.9 	-1.4 	-0.5 	1.1 	1.4 	1.4 	0.8 	0.5 	0.3 	0.2 	0.3 	1.2 	1.7 	2.9 	1.8 	1.8 	0.7 	0.8 	0.8 	0.9 	0.9 	0.7 	0.5 	1.2 	1.0 	1.1 	1.3 	1.7 	2.0 	2.6 	2.9 	2.7 	2.6 	3.1 	3.3 	3.3 	2.8 	2.3 	3.1 	2.4 	2.1 	2.8 	3.2 	4.1 	6.1 	10.4 	8.3 	: 
A,CNMIGRATRT,FR	: 	: 	: 	: 	: 	: 	: 	: 	: 	: 	: 	: 	: 	: 	: 	: 	: 	: 	: 	: 	: 	: 	: 	: 	: 	: 	: 	: 	: 	: 	: 	: 	: 	: 	: 	: 	: 	: 	0.0 	2.6 	2.7 	3.0 	3.1 	3.2 	3.2 	3.0 	1.8 	1.2 	0.9 	0.5 	0.6 	0.3 	1.1 	1.5 	0.5 b	-0.4 	-0.3 	0.8 	1.7 	0.6 	2.8 	2.2 p	2.0 p	2.2 p	2.2 p	: 
A,CNMIGRATRT,GE	: 	: 	: 	: 	: 	: 	: 	: 	: 	: 	: 	: 	: 	: 	: 	: 	: 	: 	: 	: 	: 	: 	: 	: 	: 	: 	: 	: 	: 	: 	: 	: 	: 	: 	: 	: 	-26.7 	-13.2 	-8.8 	-8.1 	-8.0 	-7.1 	-4.4 	-8.7 	1.3 	17.5 	-2.8 	-4.7 	-2.3 	: 	4.1 	4.5 	: 	: 	-188.0 b	-5.2 	-2.2 	1.6 	-2.9 	-2.2 	4.2 	-7.0 	14.7 	-10.6 	3.9 	: 
A,CNMIGRATRT,HR	-2.2 	-1.8 	0.0 	-0.8 	0.2 	-0.4 	-0.8 	0.0 	1.4 	1.6 	0.2 	0.1 	0.0 	-0.2 	-0.5 	0.3 	0.7 	-0.1 	0.2 	-3.1 	-3.2 	0.9 	2.0 	2.6 	2.3 	2.2 	2.3 	2.4 	1.6 	1.6 	1.3 	-39.1 	-7.7 	19.9 	3.1 	-16.7 	-11.3 	0.1 	-0.9 	-5.1 	-11.7 	4.3 b	2.4 	3.1 	3.4 	2.5 	2.3 	2.1 	1.4 	0.2 	-1.0 	-0.9 	-0.9 	-4.7 	-6.1 	-8.0 	-9.3 	-11.7 	-7.5 	-4.9 	-4.9 	-1.2 	3.0 	7.8 	8.1 	: 
A,CNMIGRATRT,HU	0.0 	0.0 	0.0 	0.0 	0.0 	0.0 	0.0 	0.0 	0.0 	0.9 	0.0 	0.0 	0.0 	0.0 	0.0 	0.0 	0.0 	0.0 	0.0 	-1.2 	0.0 	0.0 	0.0 	0.0 	0.0 	0.0 	0.0 	0.0 	0.0 	-18.4 	1.8 	1.7 	1.8 	1.8 	1.7 	1.7 	1.7 	1.7 	1.7 	1.6 	1.6 	1.0 	0.3 	1.5 	1.8 	1.7 	2.1 	1.4 	1.6 	1.7 	1.2 	1.3 	1.6 b	-0.8 	-0.1 	0.3 	-0.8 	1.1 	2.5 	2.7 	1.0 	2.2 	3.8 	2.7 	0.4 	: 
A,CNMIGRATRT,IE	-14.8 	-7.0 	-3.5 	-5.0 	-6.6 	-7.5 	-4.5 	-5.7 	-5.1 	-2.7 	-0.9 	2.0 	4.5 	5.1 	6.0 	5.4 	3.7 	2.2 	4.4 	-0.2 	-0.2 	0.3 	-3.8 	-2.8 	-3.6 	-10.5 	-4.8 	-10.6 	-12.1 	-8.0 	-2.2 	1.4 	0.5 	-0.9 	-0.8 	1.6 	4.4 	4.7 	4.4 	6.5 	8.4 	10.2 	8.6 	8.1 	12.2 	15.2 	22.2 	16.9 	3.7 	-4.2 	-5.6 	-5.9 	-4.8 	-2.5 	0.4 	2.8 	8.3 	5.2 	11.2 	8.8 	6.1 	12.0 	18.7 	11.4 	12.8 	: 
A,CNMIGRATRT,IS	-1.8 	0.9 	-1.3 	-0.9 	-0.7 	-0.8 	0.0 	0.2 	-2.1 	-7.0 	-8.7 	-1.2 	1.5 	-1.5 	0.9 	-1.8 	-5.3 	-4.8 	-3.4 	-2.5 	-2.7 	0.7 	2.6 	0.7 	-1.4 	-2.5 	-1.8 	4.2 	6.0 	-3.9 	-3.9 	4.4 	-0.9 	-0.7 	-3.0 	-5.1 	-2.0 	0.7 	3.6 	4.1 	6.5 	3.0 	-1.2 	-0.7 	2.0 	13.0 	17.3 	16.6 	3.3 	-15.0 	-6.5 	-4.3 	-0.9 	5.1 	3.4 	4.5 	12.2 	24.1 	18.6 	13.8 	6.7 	13.2 	25.7 	-15.4 	10.8 	: 
A,CNMIGRATRT,IT	-1.6 	-2.7 	-1.3 	-1.2 	-1.2 	-1.2 	-1.6 	-1.5 	-1.7 	-1.8 	-2.0 	-2.8 	0.4 	0.5 	0.5 	0.4 	0.5 	0.4 	0.3 	0.2 	0.1 	-0.6 	-0.8 	-0.6 	-0.5 	-0.4 	-0.3 	-0.1 	0.2 	0.3 	0.4 	0.3 	0.4 	0.4 	0.4 	0.5 	1.0 	0.9 	0.7 	0.6 	0.9 	0.8 	3.7 	8.2 	7.2 	4.4 	3.8 	8.5 	7.2 	4.9 	4.7 	3.4 	4.2 	2.6 	0.8 	0.5 	0.7 	1.0 	1.2 	0.7 	-1.2 	1.6 	4.9 	4.5 	4.1 p	: 
A,CNMIGRATRT,LI	5.9 	15.9 	25.3 	22.8 	22.5 	-1.0 	20.1 	13.1 	25.0 	-26.5 	7.6 	15.6 	16.0 	22.7 	17.5 	3.1 	2.2 	15.8 	19.0 	10.6 	-31.8 	27.5 	1.3 	-2.5 	-2.3 	7.2 	5.9 	4.7 	8.8 	2.5 	13.8 	4.3 	9.7 	6.8 	5.5 	3.1 	1.5 	-0.9 	15.9 	6.7 	7.8 	14.5 	4.7 	8.8 	3.8 	4.0 	3.5 	1.8 	2.5 	3.6 	4.6 	4.9 	6.3 	5.4 	3.6 	4.9 	2.1 	5.7 	4.2 	7.2 	7.0 	3.8 	7.2 	6.2 	20.6 p	: 
A,CNMIGRATRT,LT	1.8 	1.3 	0.2 	0.6 	0.9 	1.8 	2.3 	2.0 	1.7 	-1.2 	4.5 	2.6 	2.1 	2.1 	2.1 	1.8 	2.2 	1.7 	1.8 	-1.3 	0.6 	1.4 	2.6 	2.3 	2.9 	3.5 	3.7 	4.3 	5.6 	0.3 	-2.4 	-2.9 	-6.8 	-6.5 	-6.6 	-6.5 	-6.5 	-6.3 	-6.2 	-5.9 	-5.8 	-6.7 	-3.4 	-6.3 	-9.5 	-15.4 	-7.5 	-6.7 	-5.1 	-10.1 	-25.2 	-12.6 	-6.0 	-4.8 	-3.5 	-6.7 	-8.7 	-7.3 	-0.4 	3.9 	7.4 	7.0 	25.5 	15.7 	8.0 	: 
A,CNMIGRATRT,LU	1.7 	7.6 	8.7 	5.0 	9.5 	5.3 	1.9 	-1.3 	2.1 	5.0 	3.2 	14.9 	9.3 	14.0 	14.3 	9.7 	2.9 	2.3 	1.7 	3.0 	3.7 	1.2 	-0.9 	0.8 	0.8 	2.5 	5.3 	6.1 	5.7 	9.9 	10.3 	10.2 	10.3 	10.1 	9.4 	10.6 	8.3 	8.6 	9.0 	10.4 	7.9 	7.5 	5.9 	12.0 	9.6 	13.1 	11.3 	12.5 	15.8 	13.2 	15.1 	21.2 	18.9 b	19.0 	19.9 	19.6 	16.2 	15.8 b	16.3 	16.6 	10.7 	13.2 	20.5 	14.0 	11.7 	: 
A,CNMIGRATRT,LV	9.2 	7.2 	7.6 	8.8 	7.6 	5.9 	1.9 	6.6 	6.1 	4.6 	2.9 	4.6 	4.6 	6.5 	5.9 	4.9 	3.5 	4.8 	3.0 	1.2 	1.0 	2.3 	3.0 	3.1 	3.3 	4.7 	5.3 	7.3 	6.0 	-1.5 	-4.9 	-5.7 	-20.5 	-12.6 	-9.1 	-5.5 	-4.1 	-3.9 	-2.4 	-1.7 	-6.9 	-8.2 	-4.0 	-5.1 	-6.8 	-4.9 	-4.0 	-3.6 	-10.3 	-16.1 	-17.0 	-9.7 	-5.8 	-7.1 	-4.3 	-5.4 	-6.2 	-4.0 	-2.5 	-1.8 	-1.7 	-0.2 	11.7 	-1.7 	-2.5 	: 
A,CNMIGRATRT,MC	: 	: 	: 	: 	: 	: 	: 	: 	: 	: 	: 	: 	: 	: 	: 	: 	: 	: 	: 	: 	: 	: 	: 	: 	: 	: 	: 	: 	: 	: 	: 	: 	: 	: 	: 	: 	: 	: 	: 	: 	: 	: 	: 	: 	-1.3 	: 	: 	: 	: 	: 	: 	: 	: 	: 	: 	12.7 e	-17.1 e	: 	0.7 e	: 	: 	: 	: 	: 	2.9 	: 
A,CNMIGRATRT,MD	: 	: 	: 	: 	: 	: 	: 	: 	: 	: 	: 	: 	: 	: 	: 	: 	: 	: 	: 	: 	: 	: 	: 	: 	: 	: 	: 	: 	: 	: 	: 	: 	: 	: 	: 	: 	-169.2 	-1.4 	-1.9 	-0.8 	-1.3 	-1.0 	-0.9 	-1.2 	-1.0 	-1.0 	-0.9 	-0.9 	-0.6 	-0.7 	0.0 	-0.2 	0.0 	-0.5 	-0.4 b	-221.7 e	-6.9 e	-15.9 e	-17.6 e	-15.1 e	-11.7 e	-24.0 ep	-17.0 ep	-32.3 ep	-13.4 ep	: 
A,CNMIGRATRT,ME	: 	: 	: 	: 	: 	: 	: 	: 	: 	: 	: 	: 	: 	: 	: 	: 	: 	: 	: 	: 	: 	: 	: 	: 	: 	: 	: 	: 	: 	: 	: 	: 	: 	: 	: 	-55.4 	-3.0 	-2.2 	-2.6 	-17.3 	-1.5 	-1.5 	-1.5 	-1.5 	-1.5 	-3.0 	-0.1 	-1.5 	-1.5 	-1.5 	-1.5 b	-1.5 	-1.5 	-1.5 	-1.5 	-1.5 	-1.5 	-1.5 	-1.5 	-1.5 	-1.5 	-1.5 	-1.5 	10.2 	-1.6 	: 
A,CNMIGRATRT,MK	-10.8 	-8.0 	-2.3 	-3.4 	-3.2 	-2.1 	-2.2 	-3.0 	-0.4 	0.2 	-0.5 	0.0 	0.1 	-0.2 	-0.3 	0.1 	-0.1 	0.0 	0.0 	1.0 	0.1 	-1.0 	-0.1 	0.2 	-0.1 	0.1 	0.0 	0.1 	-0.1 	-125.1 	-1.6 	-1.0 	67.9 	-70.6 	1.4 	-0.7 	2.2 	-1.0 	-1.0 	-0.8 	-1.2 	-1.3 	-12.2 	-1.4 	-0.1 	-0.4 	-0.3 	0.1 	-0.3 	-0.3 	-0.3 	-0.4 	-0.5 	-0.2 	-0.2 	-0.2 	-0.1 	0.1 	0.1 	-0.1 	-0.4 	-113.6 	-1.5 	-0.1 	0.3 	: 
A,CNMIGRATRT,MT	-21.6 	-18.6 	-18.7 	-15.5 	-15.4 	-19.5 	-19.3 	-19.3 	-19.0 	-18.6 	-6.4 	-8.8 	-9.2 	-8.4 	-9.6 	6.0 	-14.0 	3.3 	0.3 	3.1 	1.2 	-1.0 	27.8 	-15.7 	0.4 	18.8 	0.0 	-0.3 	1.6 	1.3 	2.4 	4.0 b	3.0 	3.4 	3.1 	0.2 	1.9 	2.1 	1.5 	2.7 	3.1 	5.5 	4.4 	4.2 	4.8 	4.0 	0.1 	3.8 	5.7 	5.6 	0.2 	4.0 	10.1 	13.9 	22.4 	22.4 	18.9 	31.5 	35.9 	42.1 	1.8 	7.4 	41.0 	37.9 	18.7 	: 
A,CNMIGRATRT,NL	-1.1 	0.5 	1.4 	-0.2 	1.1 	1.4 	1.5 	-1.0 	0.4 	1.5 	2.5 	2.5 	1.3 	1.4 	2.3 	5.1 	1.3 	1.5 	1.9 	3.1 	3.6 	1.0 	-0.1 	0.2 	0.3 	1.4 	1.8 	2.4 	1.9 	1.8 	3.3 	3.3 	2.8 	2.9 	1.3 	1.0 	1.4 	1.9 	2.8 	2.8 	3.6 	3.5 	1.7 	0.4 	-0.6 	-1.4 	-1.6 	-0.1 	1.9 	2.3 	2.0 	1.8 	0.8 	1.2 	2.1 	3.2 	4.6 	4.7 	5.0 	6.2 	3.9 	6.1 	12.6 	7.6 	6.0 p	: 
A,CNMIGRATRT,NO	-0.7 	0.2 	0.0 	0.1 	-0.6 	-0.5 	-0.2 	0.5 	0.4 	0.6 	-0.2 	0.7 	1.4 	0.9 	1.1 	0.8 	1.2 	1.2 	1.0 	0.7 	0.9 	1.4 	1.4 	1.0 	0.9 	1.6 	1.8 	3.3 	2.4 	-0.4 	0.4 	1.9 	2.4 	2.9 	1.7 	1.5 	1.3 	2.2 	3.0 	4.3 	2.2 	1.8 	3.8 	2.5 	2.9 	4.0 	5.1 	8.4 	9.1 	8.0 	8.6 	9.4 	9.4 	7.7 	7.4 	5.8 	5.0 	4.1 	3.4 	4.8 	2.1 	3.7 	10.6 	9.6 	6.2 	: 
A,CNMIGRATRT,PL	-4.4 	-2.1 	-0.3 	3.2 	2.3 	-3.3 	-1.2 	2.4 	-0.6 	-0.7 	-9.0 	-0.9 	-0.6 	-0.3 	-0.4 	-0.3 	-0.7 	-0.9 	-3.2 	-0.9 	-0.7 	-0.7 	-0.9 	-0.7 	-0.4 	-0.5 	-0.7 	-0.9 	-2.6 	-0.7 	-0.3 	-0.4 	-0.3 	-0.4 	-0.5 	-0.5 	-0.3 	-0.3 	-0.3 	-0.4 	-0.5 b	-0.4 	-0.5 	-0.4 	-0.2 	-0.3 	-0.9 	-0.5 	-0.4 	0.0 	0.1 b	-0.3 	-0.1 	-0.7 	-0.3 	-0.3 	0.3 	0.1 	0.6 e	0.5 bep	-20.3 be	0.1 b	0.2 	0.1 	0.9 	: 
A,CNMIGRATRT,PT	-6.3 	-4.3 	-8.2 	-10.1 	-14.8 	-19.5 	-20.4 	-16.3 	-15.6 	-23.8 	-14.0 	-14.1 	-8.3 	-9.7 	19.9 	38.2 	1.2 	2.0 	3.2 	3.8 	4.3 	0.8 	-0.2 	-1.2 	-0.5 	-1.9 	-2.7 	-3.8 	-3.5 	-4.1 	-3.9 	-3.3 	-0.9 	1.1 	2.4 	3.1 	3.7 	4.1 	4.5 	5.3 	6.5 	5.4 	4.0 	2.4 	1.4 	1.5 	1.6 	2.1 	0.9 	1.5 	0.4 	-0.7 	-3.5 	-3.4 	-2.5 	-0.3 	-0.1 	1.4 	2.3 	6.5 	5.6 	6.9 	13.0 	14.7 	13.4 	: 
A,CNMIGRATRT,RO	-0.9 	-2.2 	-0.4 	-0.9 	-0.7 	-0.6 	7.7 	1.3 	-9.1 	-0.2 	-0.6 	-0.2 	-0.4 	-0.6 	-0.6 	3.9 	0.0 	-0.8 	-0.5 	-4.9 	-0.8 	-0.6 	-0.8 	-0.9 	-1.0 	-0.9 	-0.8 	-0.9 	-0.8 	-1.0 	-3.7 	-17.6 	-1.2 	-0.8 	-0.7 	-0.9 	-0.9 	-0.6 	-0.3 	-0.1 	-0.2 	-25.2 	-6.8 	-2.4 	-4.5 	-4.0 	-4.1 	-21.9 	-8.0 	-5.4 	-2.4 	-2.4 	-1.1 	-0.7 	-1.0 	-2.5 	-3.2 	-3.0 	-2.9 	-1.3 e	-1.4 e	-0.9 e	5.6 e	5.1 e	3.7 ep	: 
A,CNMIGRATRT,RS	: 	: 	: 	: 	: 	: 	: 	: 	: 	: 	: 	: 	: 	: 	: 	: 	: 	: 	: 	: 	: 	: 	: 	: 	: 	: 	: 	: 	: 	: 	: 	: 	: 	: 	: 	1.0 	0.1 	-1.2 	-0.9 	0.6 	0.9 	2.4 	1.8 	0.6 	1.6 	0.5 	0.5 	0.3 	0.4 	0.7 	0.6 	0.3 b	0.0 	0.0 	0.3 	0.0 	0.0 	0.0 	0.0 	0.0 	0.0 	0.0 	-16.3 	0.0 	0.0 	: 
A,CNMIGRATRT,RU	: 	: 	: 	: 	: 	: 	: 	: 	: 	: 	: 	: 	: 	: 	: 	: 	: 	: 	: 	: 	: 	: 	: 	: 	: 	: 	: 	: 	: 	: 	: 	: 	: 	: 	: 	: 	3.5 	3.6 	3.0 	1.9 	2.5 	2.0 	3.1 	-0.8 	0.7 	0.9 	1.1 	1.8 	1.8 	1.8 	8.3 	2.3 	: 	: 	: 	: 	: 	: 	: 	: 	: 	: 	: 	: 	: 	: 
A,CNMIGRATRT,SE	-0.1 	1.7 	1.1 	1.3 	2.8 	4.2 	3.3 	1.0 	1.1 	6.1 	5.8 	0.3 	-1.8 	-1.2 	1.2 	2.0 	2.4 	2.8 	1.7 	1.6 	1.2 	0.4 	0.3 	0.3 	1.0 	1.3 	1.8 	2.5 	3.5 	5.2 	4.1 	2.9 	2.3 	3.7 	5.8 	1.3 	0.7 	0.7 	1.2 	1.5 	2.7 	3.2 	3.5 	3.2 	2.8 	3.0 	5.6 	5.9 	6.0 	6.7 	5.3 	4.8 	5.4 	6.9 	7.9 	8.1 	11.9 	10.1 	8.5 	7.0 	3.5 	4.9 	5.6 	2.3 	2.7 	: 
A,CNMIGRATRT,SI	-2.7 	-2.8 	-2.9 	2.5 	-0.1 	4.4 	2.4 	3.6 	-0.4 	-0.6 	2.2 	1.3 	2.4 	1.3 	-3.8 	10.4 	6.0 	4.8 	3.9 	4.5 	2.9 	-8.7 	2.3 	2.0 	1.7 	1.8 	16.8 	1.4 	-1.9 	-2.4 	-0.1 	-1.6 	-2.7 	-2.2 	0.0 	0.4 	-1.7 	-0.7 	-2.7 	5.4 	1.4 	2.5 	1.1 	1.8 	0.9 	3.2 	3.1 	7.1 	9.2 b	5.6 	-0.3 	1.0 	0.3 	0.2 	-0.2 	0.2 	0.5 	0.6 	7.2 	7.8 	8.7 	1.2 	6.9 	5.4 	5.4 	: 
A,CNMIGRATRT,SK	34.4 	-1.3 	-1.6 	-2.2 	-1.9 	-1.6 	-1.2 	-1.5 	-1.1 	-0.7 	-7.7 	-1.1 	-0.7 	-0.6 	-0.6 	-0.7 	-0.5 	-0.4 	-0.7 	-0.8 	-2.3 	-0.8 	-0.7 	-0.8 	-0.8 	-0.6 	-0.8 	-0.7 	-0.7 	-0.5 	-0.4 	-7.3 	-0.6 	0.3 	0.9 	0.5 	0.4 	0.3 	0.2 	0.3 	-4.1 	0.2 	-0.6 	-0.5 	-0.2 	-0.1 	-0.1 	0.4 	0.4 	-0.1 	-0.9 	0.5 	0.6 	0.4 	0.3 	0.6 	0.7 	0.7 	0.7 	0.7 	0.8 	-1.5 	0.2 	0.3 	0.4 	: 
A,CNMIGRATRT,SM	: 	: 	: 	: 	: 	: 	: 	: 	: 	: 	: 	: 	: 	: 	: 	: 	: 	: 	: 	: 	: 	: 	: 	: 	: 	: 	: 	: 	: 	: 	: 	: 	: 	: 	: 	: 	: 	: 	: 	: 	: 	: 	: 	: 	10.6 	8.7 	9.7 	51.9 	-29.8 	: 	: 	43.2 	3.9 	-33.7 	6.9 	5.5 	5.5 	38.6 	4.2 	4.7 	: 	-29.4 	5.1 	: 	: 	: 
A,CNMIGRATRT,TR	: 	: 	: 	: 	: 	: 	: 	: 	: 	: 	: 	: 	: 	: 	: 	: 	: 	: 	: 	: 	: 	: 	: 	: 	: 	: 	: 	: 	: 	: 	: 	: 	: 	: 	: 	1.7 e	1.5 e	1.6 e	1.5 e	1.2 e	-46.8 b	0.0 	0.0 	0.1 	0.1 	0.1 	0.2 	-0.6 	0.4 	2.4 	3.9 	1.8 	0.3 	1.7 	1.0 	1.6 	2.3 	1.6 	4.6 be	4.9 be	: 	: 	0.8 	-4.0 	-1.8 	: 
A,CNMIGRATRT,UA	: 	: 	: 	: 	: 	: 	: 	: 	: 	: 	: 	: 	: 	: 	: 	: 	: 	: 	: 	: 	: 	: 	: 	: 	: 	: 	: 	: 	: 	: 	: 	: 	: 	: 	: 	: 	-3.2 	-2.3 	-2.6 	-1.6 	-1.6 	-1.1 	-1.1 	-0.5 	-0.2 	0.1 	0.3 	0.4 	0.3 	0.3 	0.4 	0.4 	1.4 	0.7 	: 	0.3 b	0.2 	0.3 	0.4 	0.5 	0.2 	: 	: 	: 	: 	: 
A,CNMIGRATRT,UK	1.6 	1.7 	3.0 	-0.7 	-0.1 	-1.4 	-0.5 	-1.1 	-0.7 	-0.9 	-0.3 	-0.4 	-0.2 	-0.7 	-1.2 	-0.8 	-0.2 	-0.4 	0.1 	0.3 	-0.6 	-1.6 	-1.4 	-0.1 	0.6 	1.0 	0.5 	-0.3 	0.0 	0.7 	0.4 	0.5 	-0.2 	0.6 	0.6 	1.1 	0.8 	1.0 	1.7 	2.3 	2.4 	2.9 	3.4 	3.5 	4.3 	4.9 	4.5 	4.9 	4.1 	3.8 	4.2 	3.4 	2.6 	3.8 	4.6 	5.4 	4.4 	4.2 	3.9 	4.0 p	: 	: 	: 	: 	: 	: 
A,NATGROW,AD	: 	: 	: 	: 	: 	: 	: 	: 	: 	: 	: 	: 	: 	: 	: 	: 	: 	: 	: 	: 	: 	: 	: 	: 	: 	: 	: 	: 	: 	: 	: 	: 	: 	: 	: 	: 	: 	: 	: 	: 	: 	: 	: 	: 	533 	552 	583 	596 	638 	566 	589 	: 	434 	: 	: 	: 	324 	: 	208 	238 	: 	117 	131 	101 	: 	: 
A,NATGROW,AL	52911 	53007 	48846 	51321 	52788 	48961 	48658 	52696 	55655 	57834 	49733 	55016 	55530 	51722 	55022 	54392 	53085 	57045 	54375 	54634 	53699 	54179 	60711 	56346 	62559 	60356 	59066 	62577 	63214 	60694 	63932 	59618 	57399 	49810 	53837 	54021 	50758 	43502 	41889 	41228 	34821 	37392 	26279 	27346 	23240 	21774 	19209 	19920 	17519 	13686 	13954 	14273 	14603 	15308 	15104 	10297 	10345 	8637 	7130 	6624 	470 	-3296 	690 	2331 	1208 	: 
A,NATGROW,AM	: 	: 	: 	: 	: 	: 	: 	: 	: 	: 	: 	: 	: 	: 	: 	: 	: 	: 	: 	: 	: 	: 	: 	: 	: 	: 	: 	: 	: 	: 	: 	: 	: 	: 	: 	: 	23198 	19944 	16156 	12415 	10251 	8062 	6675 	9779 	11841 	11120 	10437 	13275 	13773 	16853 	16904 	15377 	: 	14594 	15317 	13885 	12366 	10543 	10823 	9855 	183 	: 	9683 	12277 	8158 	: 
A,NATGROW,AT	36342 	45890 	42399 	43230 	44760 	35651 	37137 	31966 	30101 	22662 	13482 	11176 	8710 	5273 	3106 	-2284 	-7694 	-6807 	-9215 	-5624 	-1570 	1382 	3501 	-2923 	768 	-2138 	-107 	1682 	4789 	5352 	7502 	11201 	12140 	12710 	11731 	7498 	8019 	4613 	2894 	-62 	1488 	691 	2268 	-265 	4676 	3001 	3619 	1625 	2669 	-1037 	1543 	1630 	-484 	-196 	3470 	1308 	7006 	4363 	1560 	1566 	-7996 	-5884 	-10705 	-12155 	-11248 	: 
A,NATGROW,AZ	: 	: 	: 	: 	: 	: 	: 	: 	: 	: 	: 	: 	: 	: 	: 	: 	: 	: 	: 	: 	: 	: 	: 	: 	: 	: 	: 	: 	: 	: 	: 	: 	: 	: 	: 	: 	81005 	85090 	77697 	71244 	70293 	65072 	64193 	64466 	82041 	89939 	96698 	98308 	99376 	99625 	112063 	122310 	119452 	118288 	114855 	111513 	102816 	86932 	81732 	85263 	50924 	35406 	62036 	52470 	43401 	: 
A,NATGROW,BA	77139 	78663 	75739 	75079 	71301 	73537 	72551 	66777 	63103 	59882 	52941 	57779 	55224 	53224 	54172 	53273 	53883 	50848 	47290 	45750 	44813 	44809 	46600 	44297 	45493 	43756 	42076 	41516 	41156 	36426 	37859 	34089 	: 	: 	: 	: 	20269 	20186 	16328 	13827 	9081 	7392 	5654 	3477 	2342 	225 	812 	-1209 	150 	-354 	-1590 	-3647 	-3620 	-4978 	-5577 	: 	-6254 	-7178 	-8277 	: 	: 	: 	-14609 	-9496 p	-10997 p	: 
A,NATGROW,BE	39721 	51446 	42303 	42474 	50738 	40451 	35483 	30981 	20240 	21328 	23508 	22056 	18880 	11170 	7515 	268 	2393 	9180 	7204 	11815 	10700 	11466 	8370 	2583 	4964 	2480 	5771 	11908 	15202 	13568 	19646 	21775 	20574 	14024 	12735 	10645 	12167 	12362 	9664 	9266 	11493 	11925 	7454 	6966 	16039 	16344 	20942 	23437 	22618 	23344 	24948 	24413 	18975 	16272 	20259 	11733 	13799 	10024 	7626 	8912 	-12546 	6018 	-2329 	-526 	-2818 p	: 
A,NATGROW,BG	76417 	75299 	64508 	66086 	66479 	58821 	54673 	49886 	69284 	62877 	61650 	52617 	47142 	58243 	63957 	54694 	56581 	47340 	43997 	40955 	30240 	28931 	23873 	20811 	20884 	11470 	16039 	9459 	10055 	5387 	-3428 	-14513 	-18864 	-25140 	-32385 	-42703 	-44868 	-57736 	-52829 	-39496 	-41408 	-44188 	-46118 	-44568 	-40224 	-42299 	-39460 	-37655 	-32811 	-27112 	-34652 	-37412 	-40160 	-37767 	-41367 	-44167 	-42596 	-45836 	-46329 	-46545 	-65649 	-90317 	-62218 	-43809 	-47308 	: 
A,NATGROW,BY	: 	: 	: 	: 	: 	: 	: 	: 	: 	: 	: 	: 	: 	: 	: 	: 	: 	: 	: 	: 	: 	: 	: 	: 	: 	: 	: 	: 	: 	: 	: 	: 	: 	: 	: 	: 	-37624 	-47067 	-44651 	-49052 	-41176 	-48579 	-57912 	-54688 	-51121 	-51349 	-41705 	-29367 	-26003 	-25793 	-29082 	-25943 	-10638 	: 	-3008 	-998 	-1600 	-16755 	-26011 	-32868 	: 	: 	: 	: 	: 	: 
A,NATGROW,CH	42278 	48234 	49197 	53004 	59281 	56288 	53934 	52275 	47756 	44518 	42125 	38405 	34853 	30528 	28104 	22540 	17104 	17171 	13657 	14532 	14564 	13984 	15712 	12903 	16108 	15101 	16215 	16994 	19697 	20298 	20200 	23566 	24608 	21250 	20992 	18816 	20370 	17745 	16380 	15905 	15930 	11067 	10604 	8778 	12902 	11779 	13088 	13405 	15458 	15810 	17641 	18717 	17991 	17770 	21349 	18953 	22919 	20410 	20763 	18392 	9719 	18452 	7946 	8202 	6314 	: 
A,NATGROW,CY	: 	8853 	8686 	8523 	8018 	7646 	7259 	6817 	6445 	6100 	5803 	5658 	5577 	5553 	2988 	4076 b	5033 	4582 	5205 	5671 	5664 	5767 	6421 	6377 	6719 	5969 	6112 	5425 	5849 	5439 	5778 	5367 	6152 	5725 	5455 	4934 	4680 	4102 	3447 	3435 	3092 	3340 	2715 	2888 	3084 	2818 	3604 	3184 	4011 	4426 	4698 	4118 	4496 	4200 	3834 	3311 	3984 	3233 bep	3561 	3309 	3508 	3107 	2902 	3499 	3190 p	: 
A,NATGROW,CZ	35016 	36046 	29239 	48711 	52436 	42330 	35378 	29481 	22242 	22512 	24538 	31805 	44456 	57313 	67406 	67462 	62146 	55549 	51765 	44163 	18264 	14031 	10973 	2957 	4753 	4240 	771 	3677 	6973 	609 	1398 	5064 	1368 	2840 	-10794 	-21816 	-22336 	-22087 	-18992 	-20297 	-18091 	-17040 	-15457 	-17603 	-9513 	-5727 	1390 	9996 	14622 	10927 	10309 	1825 	387 	-2409 	4195 	-409 	4913 	2962 	1116 	-131 	-19089 	-28098 	-18920 	-21646 	-27900 	: 
A,NATGROW,DE	325667 	385126 	373733 	381054 	421309 	366700 	364024 	332113 	: 	: 	75965 	: 	: 	: 	: 	-148748 	: 	: 	: 	: 	-93460 	: 	: 	-124160 	-111961 	-118141 	-75927 	-45409 	-10257 	-16193 	13864 	-81226 b	-76329 	-98823 	-115058 	-119367 	-86830 	-48216 	-67348 	-75586 	-71798 	-94066 	-122436 	-147225 	-112649 	-144432 	-148903 	-142293 	-161925 	-189418 	-180821 	-189643 	-196038 	-211756 	-153429 	-187625 	-118761 	-147371 	-167351 	-161430 	-212428 	-228195 	-327522 	-335217 	-330641 	: 
A,NATGROW,DK	32396 	33129 	32474 	36640 	36545 	37912 	38988 	33574 	27253 	23355 	22569 	26501 	25060 	21369 	19690 	21176 	11266 	11393 	9172 	4810 	1354 	-3270 	-2710 	-6334 	-5309 	-4629 	-2788 	-1915 	-140 	1954 	2507 	4777 	6905 	4560 	8567 	6644 	6595 	7750 	7721 	7064 	9098 	7120 	5539 	7108 	8803 	9320 	9507 	8478 	10447 	7946 	9043 	6482 	5591 	3403 	5530 	5650 	8790 	8136 	6244 	7209 	6292 	6321 	-1005 	-915 	8 	: 
A,NATGROW,EE	7449 	7194 	6464 	6024 	6875 	5389 	4829 	4972 	5557 	5631 	6366 	7080 	6237 	5666 	6068 	4788 	4450 	4883 	4030 	3817 	4005 	4588 	5235 	5965 	5148 	4287 	6120 	6807 	6509 	5782 	2773 	-302 	-2088 	-6033 	-8036 	-7319 	-5778 	-5995 	-7278 	-6022 	-5336 	-5884 	-5354 	-5116 	-3693 	-2966 	-2439 	-1634 	-647 	-318 	35 	-565 	-1394 	-1713 	-1933 	-1336 	-1339 	-1759 	-1384 	-1302 	-2602 	-5315 	-5669 	-5053 	-6066 	: 
A,NATGROW,EL	96676 	86761 	85743 	81553 	83792 	84296 	86796 	90929 	87097 	82292 	70977 	67336 	64057 	59907 	67793 	62218 	64764 	60007 	64989 	65657 	60865 	54692 	50951 	42035 	37345 	23609 	21040 	10745 	15154 	8937 	8099 	7122 	5850 	4380 	5956 	1337 	-22 	2300 	-1774 	-2661 	-1952 	-277 	-346 	-1109 	713 	2454 	6566 	2031 	10323 	9617 	5682 	-4671 	-16297 	-17660 	-21591 	-29336 	-25890 	-35948 	-33856 	-41202 	-46283 	-58577 	-64000 	-55920 	-57604 p	: 
A,NATGROW,ES	397869 	395164 	384456 	392983 	427580 	406144 	397425 	403466 	387591 	366945 	380895 	368685 	391940 	376202 	393123 	371185 	378449 	362033 	340111 	310779 	281674 	239622 	229051 	182783 	173872 	143766 	128237 	116709 	99482 	83638 	68283 	58298 	65232 	46125 	31906 	17242 	11177 	19514 	4682 	9028 	37241 	47733 	51642 	58076 	83608 	79755 	111904 	107889 	134305 	110508 	105018 	84536 	52226 	35840 	32342 	-1976 	503 	-30772 	-54326 	-57355 	-151812 	-112326 	-133250 	-113590 	-118411 p	: 
A,NATGROW,FI	42332 	41380 	38565 	40241 	37916 	33412 	34149 	33499 	28641 	21484 	20440 	15191 	14906 	13377 	17796 	21891 	22060 	21594 	20291 	19690 	18666 	19065 	22698 	21504 	19978 	14597 	13497 	11878 	14253 	14238 	15491 	16101 	16887 	13838 	17231 	13787 	11556 	10221 	7846 	8229 	7403 	7639 	6137 	7634 	10158 	9817 	10775 	9652 	10436 	10547 	10093 	9376 	7786 	6662 	5046 	2980 	-1109 	-3401 	-6950 	-8336 	-9025 	-8065 	-18268 	-17956 	-14547 	: 
A,NATGROW,FR	: 	: 	: 	: 	: 	: 	: 	: 	: 	: 	: 	: 	: 	: 	: 	: 	: 	: 	: 	: 	: 	: 	: 	: 	: 	: 	: 	: 	: 	: 	: 	: 	: 	: 	: 	: 	: 	: 	225056 	229171 	267532 	262868 	248253 	231302 	280651 	269580 	303252 	288332 	286577 	276875 	282285 	279042 	251858 	242978 	259893 	205864 	190320 	163635 	149452 	140620 	66711 	80823 	51262 	38907 	17336 p	: 
A,NATGROW,GE	: 	: 	: 	: 	: 	: 	: 	: 	: 	: 	: 	: 	: 	: 	: 	: 	: 	: 	: 	: 	: 	: 	: 	: 	: 	: 	: 	: 	: 	: 	: 	: 	: 	: 	: 	: 	7039 	6425 	4205 	1511 	1390 	1371 	159 	139 	779 	3528 	5540 	8109 	13554 	: 	14721 	8196 	: 	9325 	11548 	10128 	5798 	5471 	4614 	1637 	-4017 	-13960 	-6799 	-2542 	-4488 	: 
A,NATGROW,HR	34795 	36394 	30133 	31281 	25860 	31250 	33384 	25722 	21711 	16791 	16955 	20012 	18154 	21709 	22301 	21376 	21980 	22879 	19989 	20803 	18120 	16035 	15967 	10452 	10719 	10598 	8486 	6129 	5839 	3082 	3217 	-3003 	-4830 	-2311 	-898 	-354 	3175 	3537 	-5243 	-6774 	-6500 	-8559 	-10475 	-12907 	-9449 	-9298 	-8932 	-10457 	-8398 	-7837 	-8735 	-9822 	-9939 	-10447 	-11273 	-16702 	-14005 	-16921 	-15761 	-15659 	-21178 	-26204 	-23096 	-19105 	-19011 	: 
A,NATGROW,HU	44936 	43955 	21780 	32464 	31311 	24890 	36546 	39356 	39065 	37659 	31622 	27631 	34274 	32858 	60472 	63138 	53165 	45543 	28039 	23535 	3318 	-1867 	-10759 	-21385 	-21350 	-17414 	-18885 	-16761 	-15746 	-21391 	-19983 	-17607 	-27058 	-33211 	-31291 	-33377 	-37858 	-39084 	-43569 	-48565 	-38004 	-35136 	-36029 	-41176 	-37355 	-38236 	-31732 	-35325 	-30878 	-33972 	-40121 	-40746 	-39171 	-37153 	-33013 	-39440 	-31737 	-37231 	-37780 	-36792 	-47519 	-62128 	-47154 	-41168 	-49211 	: 
A,NATGROW,IE	28075 	25062 	27944 	29451 	31442 	30493 	27102 	29907 	27847 	29178 	30696 	35661 	34146 	34521 	33986 	34005 	33675 	35260 	36505 	38768 	40592 	39229 	38386 	34141 	31986 	29175 	27990 	27020 	23020 	19907 	21674 	21413 	20158 	17156 	17307 	16528 	18932 	21194 	22406 	21316 	23398 	27642 	30820 	32455 	33307 	33112 	36937 	43272 	46899 	47174 	47213 	45577 	42488 	39450 	38043 	35409 	33174 	31406 	29882 	28330 	23572 	26261 	19411 	19482 	18917 	: 
A,NATGROW,IS	3749 	3315 	3472 	3492 	3472 	3427 	3300 	3017 	2837 	2768 	2565 	2775 	3227 	3122 	2779 	2969 	2948 	2560 	2739 	2993 	2987 	2686 	2751 	2716 	2526 	2204 	2383 	2369 	2855 	2844 	3064 	2737 	2890 	2870 	2724 	2357 	2450 	2307 	2357 	2199 	2487 	2366 	2228 	2316 	2410 	2442 	2512 	2617 	2848 	3024 	2887 	2506 	2578 	2172 	2326 	1951 	1725 	1833 	1974 	2177 	2208 	2546 	1698 	1744 	1701 	: 
A,NATGROW,IT	429260 	461202 	428083 	443959 	526070 	472450 	483659 	438650 	397601 	393337 	380376 	383528 	364375 	327059 	336839 	273506 	231073 	194409 	168372 	131869 	85891 	77812 	84162 	37598 	53195 	29909 	10956 	18768 	30272 	28835 	27509 	10798 	24132 	-490 	-20961 	-28714 	-24225 	-22412 	-34936 	-20499 	-12463 	-12972 	-19195 	-42405 	15941 	-13282 	2118 	-6868 	-8467 	-22806 	-25544 	-46842 	-78697 	-86436 	-95768 	-161791 	-141823 	-190910 	-193386 	-214333 	-335425 	-301097 	-321744 	-291175 	-280665 p	: 
A,NATGROW,LI	257 	228 	194 	252 	238 	239 	218 	253 	283 	252 	259 	164 	210 	225 	179 	127 	169 	161 	150 	197 	218 	208 	217 	197 	228 	202 	163 	185 	221 	201 	184 	229 	195 	237 	152 	200 	175 	205 	192 	194 	181 	181 	180 	130 	174 	166 	141 	124 	145 	177 	91 	147 	133 	93 	104 	73 	107 	89 	104 	93 	34 	104 	85 	91 	38 p	: 
A,NATGROW,LT	40874 	40410 	34803 	33912 	34026 	30351 	30476 	29235 	28533 	27107 	27471 	29072 	25364 	22784 	22329 	20501 	20324 	19234 	17813 	17040 	15894 	16670 	18101 	21138 	18910 	19285 	23917 	22443 	19078 	17632 	17108 	15006 	12962 	1357 	-4110 	-4111 	-3830 	-3331 	-3738 	-3588 	-4770 	-9214 	-11531 	-11013 	-11571 	-14289 	-15207 	-15604 	-12296 	-9867 	-11444 	-10769 	-10994 	-12650 	-10888 	-11711 	-11592 	-12231 	-12782 	-13308 	-19991 	-24416 	-20816 	-16382 	-18367 	: 
A,NATGROW,LU	1303 	1496 	1100 	1183 	1372 	1240 	1144 	833 	606 	310 	257 	56 	-35 	-392 	-390 	-388 	-592 	-30 	-115 	93 	56 	309 	167 	56 	120 	77 	339 	226 	763 	681 	1163 	1242 	1128 	1438 	1651 	1624 	1794 	1576 	1485 	1789 	1969 	1740 	1601 	1250 	1874 	1750 	1748 	1611 	2001 	1983 	2114 	1820 	2150 	2293 	2229 	2132 	2083 	1911 	1956 	1947 	1850 	2201 	2046 	1889 	1988 	: 
A,NATGROW,LV	14154 	14234 	11469 	11140 	11888 	8432 	8624 	7870 	7589 	6686 	7787 	8964 	7711 	5869 	6777 	4768 	4271 	3371 	2997 	2521 	3434 	3642 	6243 	8242 	7441 	5585 	10632 	9985 	8854 	6338 	3106 	-116 	-3851 	-12438 	-17501 	-17336 	-14538 	-14703 	-15790 	-13448 	-11903 	-13265 	-12371 	-11286 	-11473 	-10898 	-10227 	-9084 	-6609 	-7853 	-10259 	-9715 	-9128 	-8095 	-6720 	-6499 	-6612 	-7929 	-9506 	-8933 	-11302 	-17180 	-14777 	-13541 	-13774 	: 
A,NATGROW,MC	: 	: 	: 	: 	: 	: 	: 	: 	: 	: 	: 	: 	: 	: 	: 	: 	: 	: 	: 	: 	: 	: 	: 	: 	: 	: 	: 	: 	: 	: 	: 	: 	: 	: 	: 	: 	: 	: 	: 	: 	: 	: 	: 	: 	300 	288 	: 	: 	: 	: 	: 	: 	: 	: 	: 	19 e	-3 e	: 	-26 e	: 	: 	: 	: 	-8 	-55 	: 
A,NATGROW,MD	: 	: 	: 	: 	: 	: 	: 	: 	: 	: 	: 	: 	: 	: 	: 	: 	: 	: 	: 	: 	: 	: 	: 	: 	: 	: 	: 	: 	: 	: 	: 	: 	: 	: 	: 	: 	2117 	2626 	1410 	-2814 	-4285 	-3627 	-6147 	-6608 	-3396 	-6994 	-5550 	-5077 	-2930 	-1336 	-3157 	-67 	-125 	-189 	-906 b	747 	-1018 	-416 	-2726 	-3988 	-9987 	-16234 p	-9205 p	-9658 	-9862 	: 
A,NATGROW,ME	: 	: 	: 	: 	: 	: 	: 	: 	: 	: 	: 	: 	: 	: 	: 	: 	: 	: 	: 	: 	: 	: 	: 	: 	: 	: 	: 	: 	: 	: 	: 	5636 	5131 	4451 	4227 	4561 	4112 	3605 	3899 	3435 	3772 	3408 	2986 	2640 	2142 	1513 	1563 	1855 	2550 	2780 	1785 	1368 	1537 	1558 	1515 	1057 	1105 	909 	760 	628 	-196 	-2119 	-47 	681 	648 	: 
A,NATGROW,MK	30052 	29041 	24460 	28055 	29611 	29675 	29128 	28240 	27662 	27231 	25432 	25457 	25091 	25261 	26239 	26950 	27432 	26033 	26213 	26754 	26250 	26110 	26287 	24819 	24795 	24314 	23796 	23928 	23314 	21335 	20758 	20041 	17216 	16783 	17716 	15816 	15340 	12882 	12374 	10520 	12055 	10091 	9799 	9005 	5417 	4076 	3955 	3094 	3963 	4624 	5183 	3305 	3434 	3930 	3878 	2614 	2585 	1436 	1606 	-601 	-6692 	-9868 	-4386 	-3450 	-4140 	: 
A,NATGROW,MT	5746 	4737 	4673 	3691 	3638 	2627 	2475 	2324 	2260 	2072 	2244 	2472 	2494 	2337 	2693 	2824 	2729 	2921 	2378 	2855 	2386 	2230 	2862 	2514 	2668 	2593 	2421 	2406 	2825 	2974 	2623 	2427 	2574 	2455 	2128 	1905 	2279 	1983 	1652 	1324 	1451 	1053 	912 	904 	881 	726 	563 	654 	770 	808 	888 	898 	712 	796 	921 	883 	1134 	748 	756 	662 	323 	232 	79 	432 	193 	: 
A,NATGROW,NL	151642 	159484 	152592 	154145 	157477 	147190 	139095 	138886 	132123 	139973 	129293 	116937 	100557 	84311 	76732 	64139 	62636 	63203 	61135 	62414 	67015 	63054 	54807 	52485 	54624 	55432 	59206 	64468 	62484 	60074 	69141 	68707 	66847 	57953 	62140 	54838 	51960 	56660 	61926 	59958 	66092 	62226 	59728 	58361 	57454 	51508 	49685 	48314 	49498 	50680 	48339 	44319 	35146 	30096 	35958 	23376 	23523 	19622 	15162 	17795 	3 	8469 	-2608 	-5034 	-6022 p	: 
A,NATGROW,NO	29443 	29364 	28089 	26636 	30611 	31148 	31141 	30605 	29727 	28780 	25842 	26575 	24890 	21250 	20139 	16284 	13258 	11053 	11067 	9948 	9699 	8815 	9791 	7713 	7693 	6762 	8953 	9068 	12172 	14130 	14918 	15885 	15378 	13081 	16021 	15102 	17067 	15206 	14240 	14128 	15232 	12715 	10969 	13980 	15751 	15524 	17292 	16505 	18785 	20358 	19943 	18827 	18263 	17747 	18607 	18139 	18164 	15859 	14280 	13811 	12368 	14058 	5706 	8180 	9771 	: 
A,NATGROW,PL	445318 	399865 	360306 	358163 	326936 	314976 	298371 	274112 	281648 	268312 	281020 	280679 	312643 	321371 	346565 	349485 	368807 	352265 	341232 	365245 	345556 	352734 	367482 	371350 	334158 	296104 	258432 	227127 	216920 	181357 	157377 	142003 	120485 	102051 	94887 	47026 	42708 	32435 	20265 	587 	10321 	4985 	-5721 	-14158 	-7391 	-3902 	4558 	10647 	35100 	32649 	34822 	12915 	1469 	-17736 	-1307 	-25613 	-5752 	-870 	-26022 	-34755 bep	-122046 	-188006 	-143316 	-136585 	-156722 	: 
A,NATGROW,PT	118886 	117926 	123336 	114141 	120258 	115112 	106852 	106245 	100301 	88651 	87597 	82555 	84370 	76889 	75052 	81712 	84685 	84953 	71274 	67579 	63515 	56343 	58623 	48117 	45808 	33365 	31194 	28077 	24249 	22740 	13553 	12417 	14286 	8010 	9995 	3622 	3380 	8155 	7186 	8131 	14644 	7682 	8125 	3720 	7286 	1935 	3459 	-1020 	314 	-4943 	-4572 	-5990 	-17771 	-23767 	-22476 	-23039 	-23447 	-23604 	-26031 	-25214 	-38866 	-45259 	-40690 	-32596 	-33732 	: 
A,NATGROW,RO	191521 	162923 	129556 	139119 	134907 	114969 	116233 	348635 	337582 	264539 	233779 	205840 	199360 	175137 	236446 	220647 	212480 	215273 	204752 	193094 	167028 	156466 	120249 	87606 	117042 	112127 	134566 	128913 	126673 	122238 	67660 	23515 	-3462 	-13329 	-19365 	-35032 	-54810 	-42424 	-31869 	-30594 	-21299 	-39235 	-59137 	-54116 	-42629 	-41081 	-38611 	-37237 	-31302 	-34825 	-47524 	-55197 	-54435 	-58876 	-56225 	-60447 	-52631 	-51731 	-62219 	-60169 	-99956 	-142336 	-94720 	-83983 	-101830 p	: 
A,NATGROW,RS	: 	: 	: 	: 	: 	: 	: 	: 	: 	: 	: 	: 	: 	: 	: 	: 	: 	: 	: 	: 	: 	: 	: 	: 	: 	: 	: 	: 	: 	: 	: 	: 	: 	: 	: 	-7697 	-15822 	-18352 	-23046 	-29222 	-30278 	-20573 	-24684 	-24921 	-26134 	-34591 	-31887 	-34703 	-33628 	-33701 	-34907 	-37337 	-35143 	-34746 	-34786 	-38021 	-36100 	-38828 	-37680 	-37059 	-55158 	-74442 	-46503 	-36029 	-37385 	: 
A,NATGROW,RU	: 	: 	: 	: 	: 	: 	: 	: 	: 	: 	: 	: 	: 	: 	: 	: 	: 	: 	: 	: 	: 	: 	: 	: 	: 	: 	: 	: 	: 	: 	: 	: 	: 	: 	: 	: 	-777611 	-755836 	-705452 	-929627 	-958534 	-943252 	-935305 	-888525 	-792925 	-846559 	-687066 	-470323 	-362007 	-248856 	-239568 	-129091 	: 	24013 	35433 	: 	: 	: 	: 	: 	: 	: 	: 	: 	: 	: 
A,NATGROW,SE	27126 	30946 	30493 	36443 	46003 	44612 	44914 	41577 	30623 	24284 	30133 	31750 	28217 	24023 	23558 	15424 	7668 	7857 	3541 	5181 	5267 	2031 	2078 	990 	3407 	4431 	8655 	11392 	15337 	23913 	28777 	28535 	28138 	20990 	20413 	9467 	1164 	-2824 	-4243 	-6553 	-3020 	-2286 	806 	6196 	10396 	9636 	14736 	15692 	17852 	21721 	25154 	21832 	21239 	23191 	25931 	23963 	26443 	23444 	23647 	25757 	14953 	22305 	9997 	5666 	7183 	: 
A,NATGROW,SI	12680 	14942 	13169 	14072 	12455 	14600 	15693 	13471 	11134 	9318 	10079 	10853 	10556 	11934 	11419 	11606 	12182 	12271 	11997 	12456 	11082 	10487 	9248 	6497 	6060 	6079 	6071 	5755 	6083 	4778 	3813 	2259 	649 	-219 	104 	12 	168 	-763 	-1183 	-1352 	-408 	-1031 	-1200 	-2130 	-562 	-668 	752 	1239 	3509 	3106 	3734 	3248 	2681 	1777 	2279 	807 	656 	-268 	-900 	-1260 	-5249 	-4277 	-4865 	-4551 	-4631 	: 
A,NATGROW,SK	56803 	55956 	49501 	54180 	54003 	48347 	45096 	42079 	38294 	39146 	38426 	40206 	46384 	49194 	52651 	52401 	54394 	52352 	52415 	52403 	44521 	43658 	42225 	39620 	39104 	37691 	34005 	32026 	30767 	26214 	25370 	23951 	21217 	20549 	14984 	8741 	8887 	6987 	4426 	3821 	2427 	-844 	-691 	-517 	1895 	955 	603 	568 	4196 	8304 	6965 	8910 	3098 	2734 	3687 	1776 	5206 	4055 	3346 	3820 	-2439 	-16896 	-6915 	-5506 	-7635 	: 
A,NATGROW,SM	: 	: 	: 	: 	: 	: 	: 	: 	: 	: 	: 	: 	: 	: 	: 	: 	: 	: 	: 	: 	: 	: 	: 	: 	: 	: 	: 	: 	: 	: 	: 	: 	: 	: 	: 	: 	: 	: 	: 	: 	: 	: 	: 	: 	121 	65 	77 	67 	159 	: 	: 	103 	55 	73 	44 	34 	9 	-50 	-9 	-19 	: 	-100 	-58 	: 	: 	: 
A,NATGROW,TR	: 	: 	: 	: 	: 	: 	: 	: 	: 	: 	: 	: 	: 	: 	: 	: 	: 	: 	: 	: 	: 	: 	: 	: 	: 	: 	: 	: 	: 	: 	: 	: 	: 	: 	: 	1032000 	1054000 	1056000 	1046000 	1024000 	923000 	874000 	797000 	780000 	813000 	841000 	857000 	895000 	902000 	871289 	873263 	866045 	876864 	910968 	947383 	920565 	887636 	865274 	822741 	747711 	: 	: 	530956 	432594 	448198 	: 
A,NATGROW,UA	: 	: 	: 	: 	: 	: 	: 	: 	: 	: 	: 	: 	: 	: 	: 	: 	: 	: 	: 	: 	: 	: 	: 	: 	: 	: 	: 	: 	: 	: 	: 	: 	: 	: 	: 	: 	-309506 	-311570 	-300716 	-349962 	-372956 	-369474 	-364223 	-356819 	-334002 	-355875 	-297724 	-290220 	-243871 	-194214 	-200546 	-161993 	-142434 	-158711 	-166414 	-183015 	-186594 	-210136 	-251791 	-272297 	-323378 	: 	: 	: 	: 	: 
A,NATGROW,UK	314986 	312600 	339500 	335900 	403500 	369479 	332847 	345090 	291302 	260763 	248521 	256522 	160062 	109853 	69779 	35041 	-5273 	1895 	19775 	58996 	92191 	72738 	56198 	62137 	84483 	79864 	94340 	131063 	138118 	119303 	156565 	146088 	146561 	103045 	122844 	86089 	96858 	96877 	87718 	67914 	70664 	66855 	62563 	84364 	132914 	139886 	176339 	197558 	214686 	230587 	245605 	255544 	243946 	203413 	207068 	175474 	178731 	149006 	116605 	108078 p	: 	: 	: 	: 	: 	: 
