freq,spdepb,spdepm,unit,geo\TIME_PERIOD	1990 	1991 	1992 	1993 	1994 	1995 	1996 	1997 	1998 	1999 	2000 	2001 	2002 	2003 	2004 	2005 	2006 	2007 	2008 	2009 	2010 	2011 	2012 	2013 	2014 	2015 	2016 	2017 	2018 	2019 	2020 	2021 	2022 	2023 
A,OLD,TOTAL,EUR_HAB_KP10,AL	: 	: 	: 	: 	: 	: 	: 	: 	: 	: 	: 	: 	: 	: 	: 	: 	: 	: 	: 	: 	: 	: 	: 	: 	: 	: 	: 	: 	202.31 p	214.12 p	215.94 p	236.88 p	232.66 	: 
A,OLD,TOTAL,EUR_HAB_KP10,AT	: 	: 	: 	: 	: 	2338.05 	2396.83 	2419.88 	2488.58 	2607.02 	2697.35 	2744.17 	2790.8 	2857.69 	2908.91 	2958.3 	3063.62 	3148.19 	3262.88 	3392.75 	3456.77 	3458.26 	3546.01 	3621.95 	3719.16 	3769.42 	3792.66 	3823.36 	3883.41 	4039.4 	4081.42 	4196.82 	4122.36 	4143.35 
A,OLD,TOTAL,EUR_HAB_KP10,BA	: 	: 	: 	: 	: 	: 	: 	: 	: 	: 	: 	: 	: 	: 	: 	: 	: 	: 	: 	: 	: 	: 	: 	192.4 	208.85 	229.63 	238.33 	237.13 	276.17 	: 	: 	: 	311.57 	358 
A,OLD,TOTAL,EUR_HAB_KP10,BE	: 	: 	: 	: 	: 	2025.42 	2102.42 	2129.42 	2163.78 	2197.56 	2186.17 	2218.61 	2276.17 	2302.83 	2350.94 	2375.97 	2403.29 	2372.66 	2490.23 	2616.58 	2648.42 	2704.98 	2665.46 	2759.34 	2838.09 	2974.23 	2965.6 	3050.66 	3114.57 	3179.57 	3308.54 	3279.13 	3296.17 	3393.46 
A,OLD,TOTAL,EUR_HAB_KP10,BG	: 	: 	: 	: 	: 	: 	: 	: 	: 	: 	: 	: 	: 	: 	: 	206.8 	222.92 	229.65 	259.68 	317.89 	339.56 	338.38 	330.24 	362.72 	379.4 	394.12 	407.33 	410.95 	427.7 	434.75 	485.83 	506.49 	582.93 	669.05 
A,OLD,TOTAL,EUR_HAB_KP10,CH	: 	: 	: 	: 	: 	3450.12 	3497.35 	3624.19 	3798.34 	3935.96 	4013.87 	4147.95 	4194.23 	4277.76 	4041.62 	4080.91 	4084.58 	4228.11 	4252.06 	4482.61 	4527.08 	4700.86 	4851.4 	4953.48 	5070.3 	5235.6 	5309.78 	5343.3 	5373.93 	5507.88 	5634.32 	5701.45 	5468.56 p	5499.62 p
A,OLD,TOTAL,EUR_HAB_KP10,CY	: 	: 	: 	: 	: 	: 	: 	: 	: 	: 	808.76 	858 	949.83 	1039.38 	1062.68 	1107.14 	1131.21 	1161.58 	1207.72 	1252.95 	1169.83 	1200.66 	1247.21 	1331 	1414.5 	1507.99 	1559.45 	1595.55 	1615.58 	1649.37 	1703.3 	1741.92 	1714.9 	1717 
A,OLD,TOTAL,EUR_HAB_KP10,CZ	: 	: 	: 	: 	: 	533.82 	582.4 	644.68 	646.02 	664.88 	672.31 	684.47 	728.03 	752.29 	770.6 	823.78 	852.25 	903.23 	936.68 	1004.76 	1009.61 	1050.65 	1076.14 	1102.17 	1114.73 	1128.84 	1141.91 	1154.35 	1175.44 	1240.92 	1323.61 	1326.24 	1282.82 	1362.98 
A,OLD,TOTAL,EUR_HAB_KP10,DE	: 	1742.21 	1845.6 	1886.05 	1974.17 	2066.51 	2123.5 	2185.9 	2259.23 	2318.81 	2391.54 	2453.22 	2505.59 	2550.19 	2593.63 	2624.22 	2652.5 	2672.29 	2699.9 	2782.18 	2790.25 	2809.37 	2821.76 	2828.42 	2924.41 	3026.01 	3110.52 	3161.8 	3221.97 	3329.61 	3444.94 	3445.16 	3383.76 	3356.08 p
A,OLD,TOTAL,EUR_HAB_KP10,DK	1927.71 	1976.89 	2020.62 	2087.27 	2554.93 	2556.85 	2570.19 	2565.74 	2575.6 	2600.53 	2633.68 	2699.46 	2741.5 	2834.11 	2912.2 	3124.7 	3219.39 	3570.3 b	3540.36 	3712.23 	3750.45 	3869.63 	3932.43 	4346.25 	4612.26 	4628.46 	4483.03 	4667.01 	4777.25 	4916.23 	4883.23 	4734.71 	4514.91 	4490.6 p
A,OLD,TOTAL,EUR_HAB_KP10,EE	: 	: 	: 	: 	: 	: 	: 	: 	: 	396.35 	390.57 	320.98 	345.23 	378.57 	408.62 	436.07 	493.64 	526.9 	593.74 	641.6 	715.72 	593.03 	597.43 	603.34 	628.63 	666.51 	679.13 	674.69 	700.39 	732.25 	805.22 	813.46 	742.08 	764.2 
A,OLD,TOTAL,EUR_HAB_KP10,EL	: 	: 	: 	: 	: 	956.12 	1004.45 	1051.04 	1159.72 	1200.24 	1408.24 b	1519.38 	1599.25 	1674.1 	1803.07 	1909.02 	2022.7 	2092.41 	2245.89 	2349.41 	2265.21 	2287.9 	2310.6 	2118.88 	2233.76 	2409.79 	2399.22 	2318.17 	2272.3 	2313.43 	2315.03 	2352.41 	2238.62 	2294.78 p
A,OLD,TOTAL,EUR_HAB_KP10,ES	: 	: 	: 	: 	: 	1270.8 	1329.32 	1365.12 	1404.39 	1443.87 	1220.64 	1225.7 	1245.51 	1248.01 	1240.12 	1258.27 	1279.22 	1359.95 	1363.94 	1439.02 	1486.54 	1515.29 	1561.74 	1654.81 	1723.09 	1790.75 	1857.2 	1895.53 	1963.94 	2028 	2089.74 	2161.24 	2143.19 	2273.94 p
A,OLD,TOTAL,EUR_HAB_KP10,FI	1639.99 	1708.51 	1783.75 	1793.49 	1821.27 	1870.6 	1914.78 	1933.49 	1937.57 	1985.67 	1992.17 	2060.27 	2139.6 	2201.59 	2270.11 	2356.4 	2455.64 	2544.01 	2561.73 	2769.14 	2920.62 	3006.22 	3159.16 	3320.62 	3453.72 	3541.08 	3742 	3890.1 	3968.31 	4066.71 	4166.22 	4157.78 	4053.46 	4162.06 
A,OLD,TOTAL,EUR_HAB_KP10,FR	2139.19 	2214.49 	2298.9 	2385.29 	2457.83 	2527.29 	2540.71 	2634.16 	2711.1 	2808.49 	2822.56 	2872.12 	2911.51 	2954.83 	3021.34 	3084.04 	3180.18 	3290.87 	3359.92 	3537.7 	3612.57 	3696.11 	3768.27 	3858.3 	3902.88 	3956.44 	4016.05 	4047.71 	4074.6 	4121.59 	4101.69 	4110.03 	4118.61 	4070.17 p
A,OLD,TOTAL,EUR_HAB_KP10,HR	: 	: 	: 	: 	: 	: 	: 	: 	: 	: 	: 	: 	: 	: 	: 	: 	: 	: 	585.04 e	598.7 e	590.3 e	578.19 e	558.74 e	565.98 e	582.95 e	583.9 e	620.54 e	640.46 e	672.02 e	709.23 e	743.29 	755.81 e	741.56 	779.31 
A,OLD,TOTAL,EUR_HAB_KP10,HU	: 	: 	: 	: 	: 	: 	: 	: 	: 	464.13 	462.64 	480.81 	515.34 	549.25 	574.07 	608.6 	642.24 	659.11 	688.51 	662.32 	677.47 	710.44 	740.86 	788.48 	791.12 	802.54 b	809.33 	804.11 	803.9 	791.59 	826.41 	823.78 	824.86 	883.19 
A,OLD,TOTAL,EUR_HAB_KP10,IE	: 	: 	: 	: 	: 	529.13 	497.53 	505.73 	523.89 	534.62 	1192.78 b	1251.64 	1179.22 	1145.01 	1344.41 	1431.45 	1519.55 	1765.33 	1857.18 	2018.61 	2322.51 	2304.25 	2418.66 	2394.75 	2409.06 	2458.55 	2463.01 	2563.55 	2555.01 	2660.28 	2676.61 	2711.09 	2545.51 	2558.13 
A,OLD,TOTAL,EUR_HAB_KP10,IS	: 	: 	: 	: 	: 	873.09 	890.96 	945.73 	1031.39 	1084.64 	1144.47 	1150.92 	1210.98 	1314.19 	1321.18 	1381.29 	1397.97 	1519.19 	1503.11 	1459.96 	1386.23 	1602.62 	1630.37 	1678.03 	1802.11 	1893.02 	2052.69 	2352.29 	2441.18 	2541.57 	2747.65 	2705.64 	2618.72 	2781.24 
A,OLD,TOTAL,EUR_HAB_KP10,IT	: 	: 	: 	: 	: 	1728.8 	1914.57 	2018.15 	2065.51 	2135.79 	2151.59 	2195.04 	2231.53 	2252.58 	2267.17 	2275.32 	2281.21 	2332.04 	2350.53 	2458.92 	2493.09 	2540.28 	2591.97 	2708.89 	2806.41 	2916.1 	2952.39 	2987.61 	3017.83 	2881.51 	2968.15 	3017.73 p	2992.22 p	3117.71 p
A,OLD,TOTAL,EUR_HAB_KP10,LT	: 	: 	: 	: 	: 	: 	227.17 e	257.8 e	289.88 e	321.21 e	334.33 e	322.6 e	330.26 e	352.79 e	380.87 e	418.85 e	444.04 e	523.29 e	604.12 e	625.72 e	586.98 e	582.48 e	615.19 e	620.84 e	625.44 e	638.58 e	661.26 e	689.47 e	759.4 e	794.33 e	840.12 p	867.86 p	838.33 	857.86 
A,OLD,TOTAL,EUR_HAB_KP10,LU	: 	: 	: 	: 	: 	4156.77 	4181.94 	4363.8 	4324.52 	4379.4 	4404.69 	2581.35 	2748.53 	2868.67 	2892.38 	2984.45 	3026.74 	3046.06 	3082.23 	3285.2 	3267.23 	3320.91 	3422.8 	3546.66 	3781.78 	4071.16 	4132.52 	4276.68 	4391.31 	4535.06 	4786.82 	5014.85 	5043.89 	5330.56 
A,OLD,TOTAL,EUR_HAB_KP10,LV	: 	: 	: 	: 	: 	: 	: 	333.05 e	375.48 e	422.73 e	403.04 e	391.57 e	406.37 e	396.74 e	393.09 e	414.51 e	468.19 e	482.31 e	523.42 e	599.65 e	739.94 e	698.31 e	714.12 e	738.93 e	736.2 e	745.78 e	762.43 e	778.79 e	824.29 e	834.33 p	887.7 p	902.06 p	897.33 e	945.79 e
A,OLD,TOTAL,EUR_HAB_KP10,ME	: 	: 	: 	: 	: 	: 	: 	: 	: 	: 	: 	: 	: 	: 	: 	: 	: 	: 	: 	: 	: 	: 	: 	: 	: 	: 	347.67 	354.26 	364.78 	374.43 	379.82 	384.89 	384.34 	408.67 p
A,OLD,TOTAL,EUR_HAB_KP10,MK	: 	: 	: 	: 	: 	: 	: 	: 	: 	: 	: 	: 	: 	: 	: 	: 	: 	: 	: 	: 	: 	: 	: 	: 	: 	213.13 	229.16 	246.53 	: 	: 	: 	: 	: 	: 
A,OLD,TOTAL,EUR_HAB_KP10,MT	: 	: 	: 	: 	: 	: 	: 	: 	: 	: 	735.24 	804.69 	812.42 	828.33 	823.22 	874.64 	912.86 	959.08 	1010.4 	1051.1 	1149.19 	1116.2 	1151.82 	1158.67 	1174.13 	1173.7 	1217.4 	1255.2 	1235.34 	1202.61 	1229.07 	1277.34 	1236.87 	1184.28 
A,OLD,TOTAL,EUR_HAB_KP10,NL	: 	: 	: 	: 	: 	2149.99 	2186.9 	2222.95 	2322.58 	2412.08 	2499.54 	2547.95 	2643.13 	2723.53 	2785.45 	2796.62 	2915.92 	2965.46 	2971.14 	3096.37 	3218.76 	3238.24 	3273.87 	3279.93 	3406.83 	3578.61 	3622.43 	3636.15 	3632.36 	3682.01 	3778.33 	3751.79 	3577.84 	3678.39 
A,OLD,TOTAL,EUR_HAB_KP10,NO	2030.43 	2081.38 	2133.48 	2167.44 	2206.44 	2235.25 	2310.85 	2370.23 	2500.3 	2577.93 	2604.28 	2643.8 	2682.94 	2765.2 	2846.07 	2969.57 	3045.94 	3183.35 	3319.22 	3419.07 	3539.43 	3822.28 	4112.88 	4327.44 	4575.87 	4722.28 	4818.91 	4894.85 	4963.53 	5048.72 	5073.63 	5212.22 	5224.57 	5314.59 
A,OLD,TOTAL,EUR_HAB_KP10,PL	: 	: 	: 	: 	: 	: 	: 	: 	: 	: 	427.54 	466.12 	474.34 	492.86 	496.92 	499.26 	536.35 	545.41 	571.06 	628.1 	660.01 	684.56 	734.91 	795.31 	828.44 	871.17 	909.27 	928.3 	1011.33 	1077.16 	1143.85 	1177.69 	1155.12 	1277.8 
A,OLD,TOTAL,EUR_HAB_KP10,PT	: 	: 	: 	: 	: 	802.29 	845.99 	862.75 	928.12 	995.58 	1059.67 	1127.77 	1172.81 	1213.06 	1302.93 	1373.11 	1409.6 	1436.53 	1499.38 	1610.85 	1639.4 	1697.58 	1670.91 	1819.23 	1846.56 	1817.84 	1832.91 	1845.78 	1881.08 	1921.05 	1954.02 	1955.43 	1948.19 	1934.08 
A,OLD,TOTAL,EUR_HAB_KP10,RO	: 	: 	: 	: 	: 	: 	: 	: 	: 	: 	147.54 e	161.3 e	186.72 e	182.65 e	209.46 e	228.47 e	249.9 e	303.85 e	402.69 e	470.13 e	461.74 e	469.65 e	463.87 e	472.69 e	489.75 e	513.19 e	536.83 	597.34 	630.78 	658.89 	750.23 	795.41 	783.04 	805.11 
A,OLD,TOTAL,EUR_HAB_KP10,RS	: 	: 	: 	: 	: 	: 	: 	: 	: 	: 	: 	: 	: 	: 	: 	: 	: 	: 	368.38 	401.21 	381.75 	380.38 	403.88 	403.63 	407.64 	391.72 	389.14 	380.14 	396.56 	410.99 	424.28 	422.54 	401.65 	440.78 
A,OLD,TOTAL,EUR_HAB_KP10,SE	: 	: 	: 	2714.42 	2692.8 	2674.79 	2690.31 	2719.63 	2729.39 	2732.83 	2727.9 	2714.43 b	2799.38 p	2735.73 p	2776.8 p	2875.42 p	2911.31 p	2978.5 p	3171.41 p	3363.3 p	3406.25 	3503.82 	3654.75 	3860.42 	3832.58 	3912.13 	3992.02 	4010.71 p	3968.97 p	3969.46 p	4062.24 p	4113.4 p	4172.19 p	4097.71 p
A,OLD,TOTAL,EUR_HAB_KP10,SI	: 	: 	: 	: 	: 	: 	854.14 	910.41 	968.23 	971.27 	1015.21 	1056.31 	1118.76 	1146.26 	1187.52 	1060.65 	933.12 	989.89 	982.06 	1071.6 	1077.89 	1093.15 	1087.68 	1120.97 	1163.59 	1217.64 	1270.2 	1498.74 	1546.29 	1587.81 	1676.15 p	1715.37 p	1731.96 	1718.08 
A,OLD,TOTAL,EUR_HAB_KP10,SK	: 	: 	: 	: 	: 	377.62 	398.12 	425.55 	452.13 	449.02 	462.66 	481.91 	515.56 	531.3 	552.3 	586.33 	600.11 	639.86 	650.47 	691.07 	714.08 	718.52 	737.04 	762.38 	820.58 	855.76 	863.54 	891.75 	919.67 	946.35 	980.81 	995.89 	933.86 	1026.96 
A,OLD,TOTAL,EUR_HAB_KP10,TR	: 	: 	: 	: 	: 	: 	: 	: 	: 	: 	180.05 	193.11 	216.34 	268.41 	311.89 	342.6 	365.01 	402.25 	399.77 	454.65 	477.04 	489.09 	514.25 	541.29 	557.44 	579.92 	647.37 	633.57 	660.87 	640.68 	632.17 	607.29 	535.32 	665.41 
A,OLD,TOTAL,EUR_HAB_KP10,UK	: 	: 	: 	: 	: 	1760.81 	1825.11 	1947.98 	1954.12 	2063.92 	2287.88 	2291.53 	2234.24 	2295.1 	2349.9 	2443.3 	2487.44 	2644.87 	2693.27 	2842.73 	2925.91 	2950.72 	3077.91 	3113.05 	3136.68 	3201.87 	3055.27 	3198.31 	3205.37 p	: 	: 	: 	: 	: 
A,OLD,TOTAL,EUR_HAB_KP15,AL	: 	: 	: 	: 	: 	: 	: 	: 	: 	: 	: 	: 	: 	: 	: 	: 	: 	: 	: 	: 	: 	: 	: 	: 	: 	: 	: 	: 	214.02 p	226.5 p	228.43 p	250.58 p	246.12 	: 
A,OLD,TOTAL,EUR_HAB_KP15,AT	: 	: 	: 	: 	: 	2601.96 	2667.37 	2693.05 	2769.49 	2901.3 	3001.82 	3053.94 	3105.81 	3180.25 	3237.26 	3292.21 	3409.42 	3503.55 	3631.18 	3775.72 	3846.97 	3848.62 	3946.25 	4030.79 	4139 	4194.91 	4220.75 	4254.96 	4321.77 	4495.33 	4542.1 	4670.56 	4587.69 	4611.02 
A,OLD,TOTAL,EUR_HAB_KP15,BA	: 	: 	: 	: 	: 	: 	: 	: 	: 	: 	: 	: 	: 	: 	: 	: 	: 	: 	: 	: 	: 	: 	: 	202.21 	219.5 	241.33 	250.49 	249.22 	290.25 	: 	: 	: 	327.45 	376.25 
A,OLD,TOTAL,EUR_HAB_KP15,BE	: 	: 	: 	: 	: 	2190.05 	2273.3 	2302.49 	2339.67 	2376.17 	2363.88 	2398.93 	2461.17 	2490.02 	2542.05 	2569.09 	2598.65 	2565.53 	2692.67 	2829.27 	2863.68 	2924.84 	2882.11 	2983.63 	3068.75 	3215.98 	3206.64 	3298.64 	3367.71 	3438.01 	3577.45 	3545.68 	3564.07 	3669.3 
A,OLD,TOTAL,EUR_HAB_KP15,BG	: 	: 	: 	: 	: 	: 	: 	: 	: 	: 	: 	: 	: 	: 	: 	227.28 	245 	252.39 	285.4 	349.37 	373.18 	371.89 	362.95 	398.64 	416.97 	433.15 	447.66 	451.64 	470.06 	477.8 	533.94 	556.64 	640.65 	735.3 
A,OLD,TOTAL,EUR_HAB_KP15,CH	: 	: 	: 	: 	: 	4346.45 	4405.92 	4565.74 	4785.18 	4958.51 	5056.65 	5225.57 	5283.93 	5389.15 	5091.67 	5141.18 	5145.76 	5326.62 	5356.71 	5647.19 	5703.27 	5922.17 	6111.85 	6240.46 	6387.59 	6595.81 	6689.32 	6731.55 	6770.06 	6938.86 	7098.17 	7182.69 	6889.31 p	6928.4 p
A,OLD,TOTAL,EUR_HAB_KP15,CY	: 	: 	: 	: 	: 	: 	: 	: 	: 	: 	815.73 	865.39 	958.01 	1048.32 	1071.83 	1116.67 	1140.96 	1171.58 	1218.13 	1263.75 	1179.91 	1211.01 	1257.95 	1342.47 	1426.68 	1520.98 	1572.88 	1609.29 	1629.5 	1663.59 	1717.98 	1756.92 	1729.66 	1731.79 
A,OLD,TOTAL,EUR_HAB_KP15,CZ	: 	: 	: 	: 	: 	525.09 	572.88 	634.15 	635.46 	654.02 	661.32 	673.28 	716.14 	740 	758.01 	810.32 	838.33 	888.47 	921.38 	988.34 	993.11 	1033.49 	1058.55 	1084.16 	1096.52 	1110.39 	1123.26 	1135.48 	1156.23 	1220.64 	1301.97 	1304.57 	1261.86 	1340.71 
A,OLD,TOTAL,EUR_HAB_KP15,DE	: 	1870.63 	1981.66 	2025.08 	2119.72 	2218.84 	2280.05 	2347.04 	2425.79 	2489.75 	2567.84 	2634.07 	2690.28 	2738.19 	2784.84 	2817.67 	2848.03 	2869.28 	2898.94 	2987.28 	2995.95 	3016.48 	3029.78 	3036.91 	3140 	3249.09 	3339.81 	3394.87 	3459.48 	3575.05 	3698.89 	3699.13 	3633.2 	3603.48 p
A,OLD,TOTAL,EUR_HAB_KP15,DK	2003.89 	2055.03 	2100.48 	2169.77 	2655.9 	2657.91 	2671.75 	2667.13 	2677.42 	2703.32 	2737.75 	2806.16 	2849.86 	2946.13 	3027.31 	3248.22 	3346.64 	3711.41 b	3680.27 	3858.95 	3898.68 	4022.56 	4087.86 	4518.02 	4794.56 	4811.38 	4660.25 	4851.48 	4966.05 	5110.51 	5076.25 	4921.84 	4693.35 	4668.08 p
A,OLD,TOTAL,EUR_HAB_KP15,EE	: 	: 	: 	: 	: 	: 	: 	: 	: 	458.88 	452.18 	371.62 	399.7 	438.29 	473.09 	504.86 	571.51 	610.02 	687.4 	742.82 	828.63 	686.58 	691.68 	698.52 	727.81 	771.65 	786.27 	781.12 	810.88 	847.77 	932.24 	941.79 	859.15 	884.75 
A,OLD,TOTAL,EUR_HAB_KP15,EL	: 	: 	: 	: 	: 	925.39 	972.15 	1017.24 	1122.43 	1161.65 	1362.97 b	1470.54 	1547.84 	1620.26 	1745.1 	1847.64 	1957.65 	2025.12 	2173.68 	2273.88 	2192.38 	2214.34 	2236.29 	2050.75 	2161.93 	2332.31 	2322.08 	2243.64 	2199.23 	2239.04 	2240.6 	2276.77 	2166.65 	2220.99 p
A,OLD,TOTAL,EUR_HAB_KP15,ES	: 	: 	: 	: 	: 	1326.15 	1387.21 	1424.57 	1465.55 	1506.76 	1273.8 	1279.08 	1299.74 	1302.37 	1294.12 	1313.06 	1334.94 	1419.18 	1423.34 	1501.7 	1551.27 	1581.29 	1629.75 	1726.88 	1798.12 	1868.74 	1938.08 	1978.09 	2049.47 	2116.32 	2180.75 	2255.35 	2236.53 	2372.97 p
A,OLD,TOTAL,EUR_HAB_KP15,FI	1829.81 	1906.27 	1990.24 	2001.11 	2032.1 	2087.14 	2136.41 	2157.3 	2161.85 	2215.52 	2222.78 	2298.75 	2387.27 	2456.47 	2532.91 	2629.19 	2739.9 	2838.49 	2858.28 	3089.68 	3258.71 	3354.2 	3524.85 	3705.02 	3853.51 	3951 	4175.18 	4340.41 	4427.69 	4537.48 	4648.51 	4639.1 	4522.68 	4643.86 
A,OLD,TOTAL,EUR_HAB_KP15,FR	2216.34 	2294.34 	2381.81 	2471.31 	2546.48 	2618.44 	2632.34 	2729.17 	2808.86 	2909.78 	2924.36 	2975.7 	3016.5 	3061.41 	3130.32 	3195.26 	3294.89 	3409.54 	3481.07 	3665.29 	3742.85 	3829.42 	3904.15 	3997.44 	4043.67 	4099.11 	4160.88 	4193.71 	4221.55 	4270.22 	4249.59 	4258.24 	4267.16 	4216.96 p
A,OLD,TOTAL,EUR_HAB_KP15,HR	: 	: 	: 	: 	: 	: 	: 	: 	: 	: 	: 	: 	: 	: 	: 	: 	: 	: 	592.99 e	606.84 e	598.33 e	586.06 e	566.34 e	573.68 e	590.88 e	591.84 e	628.98 e	649.17 e	681.16 e	718.87 e	753.4 	766.09 e	751.65 	789.91 
A,OLD,TOTAL,EUR_HAB_KP15,HU	: 	: 	: 	: 	: 	: 	: 	: 	: 	462.98 	461.49 	479.61 	514.05 	547.88 	572.64 	607.09 	640.63 	657.46 	686.79 	660.67 	675.78 	708.67 	739 	786.51 	789.15 	800.54 b	807.32 	802.1 	801.9 	789.61 	824.36 	821.73 	822.8 	880.99 
A,OLD,TOTAL,EUR_HAB_KP15,IE	: 	: 	: 	: 	: 	557.09 	523.82 	532.45 	551.57 	562.86 	1255.81 b	1317.78 	1241.53 	1205.52 	1415.46 	1507.08 	1599.83 	1858.61 	1955.32 	2125.28 	2445.23 	2426.02 	2546.45 	2521.28 	2536.35 	2588.46 	2593.14 	2699.02 	2690.02 	2800.84 	2818.04 	2854.36 	2680.04 	2693.31 
A,OLD,TOTAL,EUR_HAB_KP15,IS	: 	: 	: 	: 	: 	1180.68 	1204.86 	1278.91 	1394.74 	1466.76 	1547.67 	1556.39 	1637.61 	1777.18 	1786.65 	1867.93 	1890.5 	2054.4 	2032.66 	1974.29 	1874.61 	2167.22 	2204.76 	2269.22 	2436.99 	2559.93 	2775.87 	3181.02 	3301.23 	3436.97 	3715.64 	3658.85 	3541.31 	3761.08 
A,OLD,TOTAL,EUR_HAB_KP15,IT	: 	: 	: 	: 	: 	1833.15 	2030.1 	2139.96 	2190.19 	2264.7 	2281.45 	2327.52 	2366.2 	2388.53 	2403.99 	2412.64 	2418.87 	2472.79 	2492.39 	2607.32 	2643.56 	2693.58 	2748.42 	2872.37 	2975.78 	3092.08 	3130.58 	3167.91 	3199.95 	3055.41 	3147.28 	3199.86 p	3172.79 p	3305.88 p
A,OLD,TOTAL,EUR_HAB_KP15,LT	: 	: 	: 	: 	: 	: 	246.88 e	280.17 e	315.04 e	349.08 e	363.33 e	350.6 e	358.92 e	383.4 e	413.92 e	455.2 e	482.57 e	568.69 e	656.54 e	680.01 e	637.91 e	633.02 e	668.56 e	674.71 e	679.71 e	693.99 e	718.64 e	749.3 e	825.29 e	863.25 e	913.02 p	943.16 p	911.07 	932.3 
A,OLD,TOTAL,EUR_HAB_KP15,LU	: 	: 	: 	: 	: 	4564.14 	4591.74 	4791.43 	4748.36 	4808.56 	4836.36 	2834.32 	3017.9 	3149.78 	3175.8 	3276.89 	3323.35 	3344.56 	3384.29 	3607.15 	3587.41 	3646.34 	3758.21 	3894.23 	4152.37 	4470.14 	4537.48 	4695.75 	4821.63 	4979.52 	5255.9 	5506.28 	5538.21 	5852.92 
A,OLD,TOTAL,EUR_HAB_KP15,LV	: 	: 	: 	: 	: 	: 	: 	365.06 e	411.58 e	463.36 e	441.78 e	429.21 e	445.43 e	434.88 e	430.87 e	454.36 e	513.2 e	528.67 e	573.73 e	657.28 e	811.06 e	765.43 e	782.77 e	809.96 e	806.96 e	817.47 e	835.72 e	853.66 e	903.53 e	914.53 p	973.03 p	988.77 p	983.58 e	1036.7 e
A,OLD,TOTAL,EUR_HAB_KP15,ME	: 	: 	: 	: 	: 	: 	: 	: 	: 	: 	: 	: 	: 	: 	: 	: 	: 	: 	: 	: 	: 	: 	: 	: 	: 	: 	375.63 	382.75 	394.11 	404.54 	410.37 	415.84 	415.25 	441.53 p
A,OLD,TOTAL,EUR_HAB_KP15,MK	: 	: 	: 	: 	: 	: 	: 	: 	: 	: 	: 	: 	: 	: 	: 	: 	: 	: 	: 	: 	: 	: 	: 	: 	: 	238.11 	256.02 	275.43 	: 	: 	: 	: 	: 	: 
A,OLD,TOTAL,EUR_HAB_KP15,MT	: 	: 	: 	: 	: 	: 	: 	: 	: 	: 	791.25 	865.99 	874.31 	891.43 	885.93 	941.27 	982.41 	1032.14 	1087.37 	1131.18 	1236.74 	1201.22 	1239.57 	1246.94 	1263.57 	1263.11 	1310.15 	1350.82 	1329.45 	1294.22 	1322.7 	1374.65 	1331.09 	1274.49 
A,OLD,TOTAL,EUR_HAB_KP15,NL	: 	: 	: 	: 	: 	2278.36 	2317.46 	2355.69 	2461.27 	2556.11 	2648.75 	2700.08 	2800.92 	2886.14 	2951.74 	2963.62 	3089.99 	3142.51 	3148.53 	3281.23 	3410.93 	3431.62 	3469.35 	3475.78 	3610.24 	3792.28 	3838.7 	3853.26 	3849.27 	3901.85 	4003.93 	3975.78 	3791.48 	3898.03 
A,OLD,TOTAL,EUR_HAB_KP15,NO	2042.49 	2093.73 	2146.11 	2180.27 	2219.52 	2248.51 	2324.57 	2384.28 	2515.14 	2593.22 	2619.73 	2659.49 	2698.86 	2781.63 	2862.96 	2987.17 	3064.02 	3202.23 	3338.9 	3439.35 	3560.44 	3844.95 	4137.26 	4353.08 	4602.98 	4750.29 	4847.48 	4923.92 	4992.96 	5078.66 	5103.77 	5243.15 	5255.59 	5346.13 
A,OLD,TOTAL,EUR_HAB_KP15,PL	: 	: 	: 	: 	: 	: 	: 	: 	: 	: 	440.1 	479.81 	488.27 	507.34 	511.52 	513.92 	552.11 	561.43 	587.84 	646.55 	679.39 	704.67 	756.49 	818.67 	852.77 	896.76 	935.98 	955.57 	1041.03 	1108.79 	1177.45 	1212.28 	1189.05 	1315.34 
A,OLD,TOTAL,EUR_HAB_KP15,PT	: 	: 	: 	: 	: 	832.76 	878.12 	895.5 	963.37 	1033.38 	1099.91 	1170.59 	1217.34 	1259.13 	1352.4 	1425.26 	1463.13 	1491.09 	1556.32 	1672.02 	1701.67 	1762.06 	1734.37 	1888.3 	1916.7 	1886.88 	1902.51 	1915.87 	1952.51 	1994 	2028.23 	2029.67 	2022.18 	2007.54 
A,OLD,TOTAL,EUR_HAB_KP15,RO	: 	: 	: 	: 	: 	: 	: 	: 	: 	: 	158.25 e	173 e	200.27 e	195.9 e	224.66 e	245.06 e	268.04 e	325.9 e	431.92 e	504.25 e	495.25 e	503.73 e	497.54 e	507 e	525.3 e	550.44 e	575.79 	640.69 	676.56 	706.72 	804.69 	853.15 	839.87 	863.55 
A,OLD,TOTAL,EUR_HAB_KP15,RS	: 	: 	: 	: 	: 	: 	: 	: 	: 	: 	: 	: 	: 	: 	: 	: 	: 	: 	411.41 	448.07 	426.34 	424.8 	451.05 	450.77 	455.25 	437.47 	434.6 	424.53 	442.88 	458.99 	473.84 	471.89 	448.56 	492.26 
A,OLD,TOTAL,EUR_HAB_KP15,SE	: 	: 	: 	2977.17 	2953.4 	2933.66 	2950.67 	2982.82 	2993.52 	2997.32 	2991.92 	2977.14 b	3070.33 p	3000.51 p	3045.56 p	3153.71 p	3193.05 p	3266.78 p	3478.36 p	3688.83 p	3735.91 	3842.93 	4008.47 	4234.05 	4203.48 	4290.75 	4378.38 	4398.87 p	4353.1 p	4353.66 p	4455.39 p	4511.54 p	4575.98 p	4494.31 p
A,OLD,TOTAL,EUR_HAB_KP15,SI	: 	: 	: 	: 	: 	: 	885.97 	944.33 	1004.32 	1007.46 	1053.03 	1095.67 	1160.45 	1188.98 	1231.78 	1100.18 	967.89 	1026.77 	1018.66 	1111.53 	1118.06 	1133.88 	1128.22 	1162.74 	1206.95 	1263.01 	1317.53 	1554.58 	1603.92 	1646.98 	1738.61 p	1779.31 p	1796.5 	1782.09 
A,OLD,TOTAL,EUR_HAB_KP15,SK	: 	: 	: 	: 	: 	410.1 	432.36 	462.17 	491.03 	487.65 	502.47 	523.37 	559.91 	577.01 	599.82 	636.77 	651.73 	694.91 	706.43 	750.53 	775.51 	780.33 	800.44 	827.96 	891.18 	929.38 	937.83 	968.47 	998.8 	1027.77 	1065.19 	1081.57 	1014.2 	1115.31 
A,OLD,TOTAL,EUR_HAB_KP15,TR	: 	: 	: 	: 	: 	: 	: 	: 	: 	: 	169.11 	181.37 	203.19 	252.09 	292.93 	321.77 	342.81 	377.79 	375.47 	427 	448.04 	459.35 	482.99 	508.38 	523.56 	544.66 	608.01 	595.06 	620.69 	601.73 	593.73 	570.38 	502.78 	624.95 
A,OLD,TOTAL,EUR_HAB_KP15,UK	: 	: 	: 	: 	: 	2240.06 	2321.86 	2478.17 	2485.99 	2625.65 	2910.59 	2915.2 	2842.34 	2919.75 	2989.47 	3108.3 	3164.45 	3364.73 	3426.29 	3616.45 	3722.24 	3753.82 	3915.61 	3960.36 	3990.37 	4073.32 	3886.83 	4068.82 	4077.75 p	: 	: 	: 	: 	: 
A,OLD,TOTAL,MEUR_KP10,AL	: 	: 	: 	: 	: 	: 	: 	: 	: 	: 	: 	: 	: 	: 	: 	: 	: 	: 	: 	: 	: 	: 	: 	: 	: 	: 	: 	: 	579.9 p	611.14 p	612.8 p	666.02 p	646.25 	: 
A,OLD,TOTAL,MEUR_KP10,AT	: 	: 	: 	: 	: 	18583.44 	19076.41 	19281.69 	19850.88 	20836.13 	21609.99 	22069.41 	22555.14 	23208.51 	23771.53 	24340.35 	25331.98 	26115.77 	27152.01 	28306.79 	28910.4 	29020.48 	29892.8 	30713.5 	31785.25 	32577.96 	33135.18 	33636.29 	34331.34 	35869.51 	36393.44 	37585.84 	37273.79 	37836.05 
A,OLD,TOTAL,MEUR_KP10,BA	: 	: 	: 	: 	: 	: 	: 	: 	: 	: 	: 	: 	: 	: 	: 	: 	: 	: 	: 	: 	: 	: 	: 	737.52 	799.52 	842.88 	837.23 	831.13 	965.54 	1020.38 	1076.14 	1104.99 	1075.77 	1227.63 
A,OLD,TOTAL,MEUR_KP10,BE	: 	: 	: 	: 	: 	20531.27 	21353.57 	21680.12 	22077.03 	22473.21 	22410.97 	22821.93 	23519.22 	23894.45 	24499.52 	24896.9 	25349.81 	25211.23 	26670.34 	28249.9 	28856.1 	29858.32 	29605.09 	30792.58 	31812.28 	33532.1 	33604.44 	34701.76 	35590.31 	36530.07 	38175.91 	37992.65 	38499.91 	39974.83 
A,OLD,TOTAL,MEUR_KP10,BG	: 	: 	: 	: 	: 	: 	: 	: 	: 	: 	: 	: 	: 	: 	: 	1583.87 	1694.45 	1732.75 	1945.7 	2366.49 	2511.23 	2486.51 	2412.72 	2597.08 	2683.73 	2752.6 	2808.16 	2795.89 	2870.23 	2876.62 	3182.52 	3295.86 	3768.68 	4313.09 
A,OLD,TOTAL,MEUR_KP10,CH	: 	: 	: 	: 	: 	24291.23 	24732.71 	25691.52 	27006.2 	28118.43 	28836.68 	29989.09 	30553.93 	31394.51 	29866.05 	30350.23 	30568.75 	31926.96 	32518.39 	34712.58 	35424.02 	37195.06 	38795.98 	40070.45 	41518.94 	43363.33 	44460.58 	45160.7 	45755.37 	47231.61 	48670.17 	49628.56 	47998.01 p	48885.14 p
A,OLD,TOTAL,MEUR_KP10,CY	: 	: 	: 	: 	: 	: 	: 	: 	: 	: 	561.3 	601.92 	674.03 	746.59 	773.61 	817.67 	849.5 	891.08 	950.03 	1012.43 	970.31 	1021.62 	1077.52 	1148.6 	1217.09 	1300.35 	1351.76 	1394.89 	1428.82 	1478.35 	1547.37 	1606.26 	1611.02 	1644.42 
A,OLD,TOTAL,MEUR_KP10,CZ	: 	: 	: 	: 	: 	5512.86 	6007.64 	6642.83 	6650.36 	6837.56 	6894.53 	6992.93 	7423.7 	7668.83 	7857.87 	8411.83 	8726.15 	9302.21 	9727.09 	10493.7 	10575.07 	11027.74 	11311.07 	11588.51 	11732.96 	11904.78 	12065.83 	12229.67 	12494.81 	13242.91 	14159.75 	13933.2 	13690.45 	14807.44 
A,OLD,TOTAL,MEUR_KP10,DE	: 	139400.7 	148801.13 	153065.12 	160773.55 	168788.15 	173946.51 	179319.97 	185363.54 	190374.48 	196612.07 	202022.73 	206682.02 	210477.69 	214017.04 	216418.19 	218503.21 	219839.6 	221689.23 	227866.6 	228177.73 	225522.15 	226942.27 	228099.6 	236825.84 	247184.81 	256147.36 	261344.69 	267119.7 	276667.57 	286484.2 	286623.65 	281454.05 	279518.76 p
A,OLD,TOTAL,MEUR_KP10,DK	9910.23 	10189.49 	10449.35 	10830.06 	13301.45 	13380.93 	13527.09 	13559.89 	13661.57 	13839.5 	14062.85 	14465.84 	14738.1 	15277.46 	15739.06 	16934.08 	17504.68 	19498.98 b	19449.37 	20502.99 	20806.3 	21556.04 	21988.45 	24403.9 	26029.17 	26305.8 	25678.84 	26905.23 	27677.62 	28585.03 	28476.08 	27729.9 	26651.71 	26705.39 p
A,OLD,TOTAL,MEUR_KP10,EE	: 	: 	: 	: 	: 	: 	: 	: 	: 	551.03 	545.62 	445.55 	476.2 	518.92 	556.77 	590.78 	664.84 	706.4 	793.88 	856.23 	952.96 	787.21 	790.22 	795.19 	826.37 	876.73 	893.59 	888.82 	925.89 	971.62 	1070.55 	1082.66 	1000.94 	1047.17 
A,OLD,TOTAL,MEUR_KP10,EL	: 	: 	: 	: 	: 	10098.66 	10656.02 	11205.39 	12432.76 	12916.6 	15217.14 b	16503.71 	17435.01 	18294.73 	19752.92 	20975.02 	22290.84 	23117.97 	24879.64 	26094.89 	25192.14 	25406.95 	25520.58 	23234.02 	24331.09 	26076.02 	25853.92 	24931.2 	24388.3 	24803.61 	24767.6 	24865.24 	23366.26 	23882.53 p
A,OLD,TOTAL,MEUR_KP10,ES	: 	: 	: 	: 	: 	50481.44 	53026.29 	54683.21 	56489.42 	58313.28 	49518.6 	50070.36 	51603.45 	52650.81 	53228.43 	54927.37 	56794.11 	61506.23 	62678.75 	66717.32 	69238.22 	70828.91 	73047.26 	77121.26 	80056.19 	83130.86 	86282.21 	88277.09 	91877.09 	95556.17 	98969.09 	102537.44 	102414.81 	109950.67 p
A,OLD,TOTAL,MEUR_KP10,FI	8177.7 	8566 	8993.64 	9086.62 	9267.24 	9554.64 	9812.43 	9937.84 	9985.27 	10256.91 	10311.88 	10688.68 	11127.19 	11476.94 	11868.54 	12361.92 	12932.06 	13454.56 	13611.51 	14784.09 	15664.31 	16198.32 	17103.58 	18060.78 	18862.55 	19403.48 	20563.42 	21427.53 	21887.29 	22454.78 	23037.27 	23038.36 	22521.46 	23240.59 
A,OLD,TOTAL,MEUR_KP10,FR	124439.59 	129457.34 	135050 	140720.74 	145527.53 	150168.46 	151488.41 	157603.52 	162792.41 	169497.24 	171504.66 	175778.54 	179477.28 	183430.49 	188932.09 	194298.22 	201742.49 	210043.61 	215635.19 	228198 	234162.13 	240719.82 	246590.71 	253765.22 	258808.17 	263294.44 	267967.51 	270864.48 	273643.25 	277721.55 	277278.81 	278835.71 	280825.35 	278287.01 p
A,OLD,TOTAL,MEUR_KP10,HR	: 	: 	: 	: 	: 	: 	: 	: 	: 	: 	: 	: 	: 	: 	: 	: 	: 	: 	2522.02 e	2578.21 e	2536.13 e	2476.35 e	2385.31 e	2395.63 e	2447.99 e	2426.69 e	2547.28 e	2591.65 e	2682.38 e	2802.22 e	2908.68 	2930.77 e	2859.9 	3005.37 
A,OLD,TOTAL,MEUR_KP10,HU	: 	: 	: 	: 	: 	: 	: 	: 	: 	4751.58 	4723.99 	4898.28 	5235.11 	5563.65 	5802.16 	6139 	6468.21 	6627.82 	6911.36 	6638.24 	6774.69 	7084.36 	7349.57 	7784.45 	7779.09 	7863.09 b	7898.85 	7821.34 	7803.46 	7674.29 	7991.78 	7933.78 	7922.83 	8471.68 
A,OLD,TOTAL,MEUR_KP10,IE	: 	: 	: 	: 	: 	1909.53 	1809.76 	1858.15 	1945.05 	2007.37 	4538.74 b	4839.15 	4636.64 	4576.05 	5472.12 	5954.69 	6494.74 	7765.59 	8337.91 	9155.14 	10591 	10553.68 	11124.71 	11072.87 	11220.79 	11559.99 	11730.62 	12375.39 	12514.52 	13238.75 	13489.41 	13855.27 	13269.34 	13587.62 
A,OLD,TOTAL,MEUR_KP10,IS	: 	: 	: 	: 	: 	233.52 	239.59 	256.41 	282.65 	300.86 	321.83 	327.98 	348.19 	380.49 	385.88 	409.88 	424.68 	473.33 	477.11 	464.99 	440.88 	511.26 	522.89 	543.29 	589.98 	626.24 	688.55 	807.78 	861.05 	916.4 	1006.91 	1007.9 	1000.36 	1072.62 
A,OLD,TOTAL,MEUR_KP10,IT	: 	: 	: 	: 	: 	98272.62 	108862.91 	114813.57 	117541.64 	121561.28 	122515.83 	125066.95 	127397.65 	129296.49 	131106.3 	132348.09 	133222.16 	137022.19 	139177.88 	146442.32 	149135 	152485.17 	156014.03 	163377.57 	169284.64 	175635.4 	177483.87 	179263.16 	180699.38 	172109.71 	176423.58 	178448.01 p	176581.79 p	183895.79 p
A,OLD,TOTAL,MEUR_KP10,LT	: 	: 	: 	: 	: 	: 	818.19 e	921.66 e	1028.88 e	1132.01 e	1169.98 e	1119.7 e	1137.12 e	1204.86 e	1286.22 e	1391.66 e	1451.98 e	1690.89 e	1932.11 e	1979.1 e	1818.03 e	1763.82 e	1838.88 e	1838.46 e	1837.07 e	1858.99 e	1902.66 e	1959.92 e	2140.9 e	2232.92 e	2361.05 p	2437.27 p	2373.84 	2463.42 
A,OLD,TOTAL,MEUR_KP10,LU	: 	: 	: 	: 	: 	1698.56 	1732.26 	1830.39 	1836.63 	1885.22 	1921.77 	1139.73 	1226.33 	1295.58 	1324.98 	1388.24 	1430.55 	1462.09 	1506.13 	1635.32 	1656.33 	1721.38 	1817.32 	1927.11 	2103.87 	2318.95 	2405.19 	2550.34 	2669.69 	2811.74 	3017.7 	3209.82 	3294.18 	3552.45 
A,OLD,TOTAL,MEUR_KP10,LV	: 	: 	: 	: 	: 	: 	: 	810.25 e	904.92 e	1010.53 e	954.22 e	915.17 e	938.79 e	907.73 e	889.6 e	928.01 e	1038.62 e	1061.23 e	1139.65 e	1284.24 e	1552.07 e	1438.31 e	1452.76 e	1487.21 e	1467.82 e	1474.81 e	1494.01 e	1512.61 e	1588.56 e	1596.77 p	1687.04 p	1699.92 p	1686.42 e	1781.6 e
A,OLD,TOTAL,MEUR_KP10,ME	: 	: 	: 	: 	: 	: 	: 	: 	: 	: 	: 	: 	: 	: 	: 	: 	: 	: 	: 	: 	: 	: 	: 	: 	: 	: 	216.36 	220.48 	226.99 	232.9 	235.98 	238.33 	237.21 	253.45 p
A,OLD,TOTAL,MEUR_KP10,MK	: 	: 	: 	: 	: 	: 	: 	: 	: 	: 	: 	: 	: 	: 	: 	: 	: 	: 	: 	: 	: 	: 	: 	: 	: 	441.23 	474.93 	511.43 	: 	: 	: 	: 	: 	: 
A,OLD,TOTAL,MEUR_KP10,MT	: 	: 	: 	: 	: 	: 	: 	: 	: 	: 	286.81 	316.27 	321.69 	330.16 	330.33 	353.21 	369.99 	390.08 	413.64 	433.56 	476.35 	464.64 	483.8 	492.21 	508.96 	521.38 	553.31 	586.31 	597.79 	606.01 	633.58 	661.85 	656.92 	654.61 
A,OLD,TOTAL,MEUR_KP10,NL	: 	: 	: 	: 	: 	33236.68 	33963.68 	34701.77 	36481.3 	38140.06 	39806.45 	40884.9 	42683.66 	44190.15 	45352.16 	45640.53 	47663.86 	48579.27 	48862.12 	51184.12 	53481 	54056.2 	54853.62 	55117.36 	57456.28 	60621.3 	61691.09 	62292.03 	62591.44 	63864.05 	65899.66 	65780.36 	63331.33 	65759 
A,OLD,TOTAL,MEUR_KP10,NO	8612.01 	8870.28 	9144.95 	9346 	9568.47 	9743.88 	10124.63 	10441.23 	11080.01 	11502.5 	11695.73 	11933.46 	12175.62 	12622.73 	13068.9 	13729.2 	14196.16 	14990.88 	15826.76 	16509.76 	17305.17 	18932.11 	20640.78 	21981.76 	23508.2 	24508.16 	25232.52 	25829.97 	26365.88 	27000.01 	27293.45 	28189.36 	28511.16 	29334.44 
A,OLD,TOTAL,MEUR_KP10,PL	: 	: 	: 	: 	: 	: 	: 	: 	: 	: 	16357.23 	17828.13 	18134.27 	18829.57 	18973.38 	19054.32 	20457.05 	20791.22 	21772.18 	23962.97 	25108.48 	26056.59 	27972.85 	30253.67 	31490.58 	33092.67 	34524.91 	35252.13 	38404.84 	40895 	42912.34 	43552.75 	42533.39 	46879.21 
A,OLD,TOTAL,MEUR_KP10,PT	: 	: 	: 	: 	: 	8043.85 	8514.02 	8721.47 	9429.85 	10172.64 	10903.92 	11686.8 	12220.25 	12687.14 	13659.75 	14422.18 	14832.2 	15145.26 	15830.67 	17023.9 	17333.58 	17936.38 	17597.06 	19054.55 	19240.44 	18872.54 	18982.53 	19085.59 	19440.25 	19891.37 	20292.22 	20351.49 	20395.37 	20459.05 
A,OLD,TOTAL,MEUR_KP10,RO	: 	: 	: 	: 	: 	: 	: 	: 	: 	: 	3311.22 e	3569.83 e	4057.48 e	3940.47 e	4493.32 e	4870.98 e	5296.28 e	6345.29 e	8270.4 e	9575.35 e	9348.71 e	9462.21 e	9304.35 e	9446.12 e	9750.47 e	10169.16 e	10576.76 	11701.04 	12283.81 	12763.88 	14453.44 	15209.97 	14915.67 	15346.3 
A,OLD,TOTAL,MEUR_KP10,RS	: 	: 	: 	: 	: 	: 	: 	: 	: 	: 	: 	: 	: 	: 	: 	: 	: 	: 	2707.7 	2937.19 	2783.48 	2751.69 	2907.55 	2891.63 	2906.69 	2779.39 	2746.68 	2668.88 	2769.01 	2854.41 	2927.19 	2887.77 	2698.76 	2919.37 
A,OLD,TOTAL,MEUR_KP10,SE	: 	: 	: 	23665.86 	23644.77 	23610.21 	23785.03 	24058.06 	24157.77 	24207.04 	24202.24 	24147.42 b	24984.36 p	24507.27 p	24973.26 p	25963.8 p	26436.18 p	27247.57 p	29239.26 p	31273.67 p	31944.26 	33108.39 	34790.92 	37061.51 	37161.09 	38335.73 	39613.18 	40338.46 p	40385.09 p	40801.66 p	42058.19 p	42844.45 p	43753.55 p	43176.02 p
A,OLD,TOTAL,MEUR_KP10,SI	: 	: 	: 	: 	: 	: 	1698.57 	1808.03 	1918.68 	1926.06 	2019.18 	2104.23 	2231.41 	2287.64 	2371.48 	2121.81 	1872.64 	1997.72 	1985.06 	2185.7 	2208.14 	2244.07 	2237.54 	2309.14 	2399.3 	2512.64 	2623.02 	3096.99 	3206.85 	3315.95 	3523.96 p	3616.14 p	3658.03 	3643.13 
A,OLD,TOTAL,MEUR_KP10,SK	: 	: 	: 	: 	: 	2024.82 	2139.23 	2290.85 	2437.21 	2422.92 	2493.15 	2592.15 	2772.14 	2854.9 	2967.13 	3150.24 	3224.4 	3438.99 	3499.01 	3722.4 	3849.89 	3878.82 	3985.59 	4127.04 	4446.42 	4641.47 	4689.7 	4850.44 	5009.25 	5161.55 	5354.06 	5424.84 	5072.5 	5573.03 
A,OLD,TOTAL,MEUR_KP10,TR	: 	: 	: 	: 	: 	: 	: 	: 	: 	: 	11849.27 	12584.25 	14279.06 	17928.29 	21083.29 	23446.13 	25293.2 	28221.01 	28404.49 	32752.42 	34891.49 	36302.02 	38659.29 	41218.23 	43024.6 	45360.31 	51322.54 	50884.08 	53799.87 	52906.85 	52713.2 	51101.97 	45491.8 	56776.51 
A,OLD,TOTAL,MEUR_KP10,UK	: 	: 	: 	: 	: 	102160.21 	106161.18 	113600.1 	114290.61 	121115.72 	134739.18 	135474.51 	132647.78 	136897.39 	140965.33 	147578.15 	151352.64 	162190.17 	166463.1 	177034.35 	183648.48 	186659.21 	196063.35 	199634.48 	202636.72 	208493.41 	200461.2 	211276.92 	213029.86 p	: 	: 	: 	: 	: 
A,OLD,TOTAL,MEUR_KP15,AL	: 	: 	: 	: 	: 	: 	: 	: 	: 	: 	: 	: 	: 	: 	: 	: 	: 	: 	: 	: 	: 	: 	: 	: 	: 	: 	: 	: 	613.45 p	646.49 p	648.25 p	704.54 p	683.63 	: 
A,OLD,TOTAL,MEUR_KP15,AT	: 	: 	: 	: 	: 	20681.13 	21229.62 	21458.31 	22091.63 	23188.12 	24049.24 	24560.66 	25101.04 	25828.16 	26454.77 	27087.77 	28191.29 	29063.65 	30216.86 	31502.08 	32173.79 	32296.23 	33266.88 	34180.43 	35373.33 	36255.36 	36875.33 	37433.32 	38206.69 	39918.14 	40501.3 	41828.55 	41481.23 	42106.77 
A,OLD,TOTAL,MEUR_KP15,BA	: 	: 	: 	: 	: 	: 	: 	: 	: 	: 	: 	: 	: 	: 	: 	: 	: 	: 	: 	: 	: 	: 	: 	775.12 	840.28 	885.85 	879.92 	873.51 	1014.76 	1072.41 	1131 	1161.33 	1130.62 	1290.21 
A,OLD,TOTAL,MEUR_KP15,BE	: 	: 	: 	: 	: 	22200.17 	23089.05 	23442.24 	23871.62 	24299.72 	24232.76 	24676.79 	25430.77 	25836.77 	26491.04 	26920.51 	27410.43 	27260.51 	28838.4 	30546.17 	31201.52 	32285.17 	32011.4 	33295.53 	34397.78 	36257.59 	36335.76 	37522.58 	38482.96 	39499.17 	41278.79 	41080.99 	41629.12 	43224.16 
A,OLD,TOTAL,MEUR_KP15,BG	: 	: 	: 	: 	: 	: 	: 	: 	: 	: 	: 	: 	: 	: 	: 	1740.72 	1862.24 	1904.36 	2138.4 	2600.87 	2759.92 	2732.76 	2651.64 	2854.27 	2949.49 	3025.19 	3086.24 	3072.74 	3154.47 	3161.5 	3497.68 	3622.23 	4141.9 	4740.19 
A,OLD,TOTAL,MEUR_KP15,CH	: 	: 	: 	: 	: 	30601.98 	31158.01 	32366.07 	34022.66 	35423.52 	36328.24 	37780.12 	38492.11 	39550.94 	37625.57 	38235.55 	38510.56 	40221.96 	40966.35 	43730.9 	44627.57 	46858.59 	48875.62 	50481.27 	52305.74 	54629.12 	56011.92 	56893.99 	57642.54 	59502.67 	61315.15 	62522.06 	60468.06 p	61585.27 p
A,OLD,TOTAL,MEUR_KP15,CY	: 	: 	: 	: 	: 	: 	: 	: 	: 	: 	566.13 	607.11 	679.83 	753.02 	780.27 	824.71 	856.82 	898.75 	958.22 	1021.15 	978.67 	1030.42 	1086.8 	1158.49 	1227.57 	1311.54 	1363.41 	1406.9 	1441.13 	1491.09 	1560.7 	1620.1 	1624.89 	1658.58 
A,OLD,TOTAL,MEUR_KP15,CZ	: 	: 	: 	: 	: 	5422.73 	5909.41 	6534.32 	6541.69 	6725.85 	6781.85 	6878.63 	7302.45 	7543.52 	7729.46 	8274.38 	8583.54 	9150.22 	9568.15 	10322.21 	10402.29 	10847.57 	11126.24 	11399.19 	11541.25 	11710.26 	11868.7 	12029.75 	12290.62 	13026.51 	13928.34 	13705.49 	13466.74 	14565.54 
A,OLD,TOTAL,MEUR_KP15,DE	: 	149676.52 	159770.86 	164347.82 	172626.15 	181230.47 	186769.61 	192538.57 	199029.43 	204408.68 	211105.99 	216915.12 	221916.81 	225994.44 	229794.38 	232371.95 	234610.51 	236045.66 	238032.53 	244665.3 	244999.39 	242147.71 	243672.4 	244913.79 	254285.37 	265407.27 	275029.2 	280610.01 	286811.04 	297061.2 	307603.27 	307753.24 	302201.99 	300124.25 p
A,OLD,TOTAL,MEUR_KP15,DK	10301.89 	10592.21 	10862.35 	11258.15 	13827.08 	13909.81 	14061.62 	14095.78 	14201.65 	14386.54 	14618.51 	15037.62 	15320.64 	15881.34 	16361.19 	17603.48 	18196.58 	20269.64 b	20218.03 	21313.35 	21628.62 	22407.98 	22857.56 	25368.4 	27057.97 	27345.4 	26693.97 	27968.67 	28771.51 	29714.64 	29601.66 	28825.91 	27705 	27760.84 p
A,OLD,TOTAL,MEUR_KP15,EE	: 	: 	: 	: 	: 	: 	: 	: 	: 	637.96 	631.69 	515.85 	551.32 	600.77 	644.6 	683.98 	769.72 	817.84 	919.12 	991.31 	1103.3 	911.4 	914.88 	920.64 	956.74 	1015.04 	1034.56 	1029.04 	1071.97 	1124.9 	1239.44 	1253.46 	1158.85 	1212.37 
A,OLD,TOTAL,MEUR_KP15,EL	: 	: 	: 	: 	: 	9774.07 	10313.39 	10845.09 	12033 	12501.36 	14727.94 b	15973.15 	16874.53 	17706.31 	19117.84 	20300.62 	21573.97 	22374.49 	24079.64 	25256 	24382.17 	24590.05 	24699.87 	22486.89 	23548.68 	25237.67 	25022.62 	24129.64 	23604.06 	24006.1 	23971.33 	24065.8 	22615.03 	23114.67 p
A,OLD,TOTAL,MEUR_KP15,ES	: 	: 	: 	: 	: 	52680.05 	55335.57 	57064.64 	58949.69 	60853.19 	51675.33 	52250.85 	53850.43 	54943.91 	55545.99 	57319.38 	59267.75 	64185.18 	65408.45 	69623.39 	72253.35 	73913.93 	76228.37 	80479.98 	83541.95 	86751.21 	90039.42 	92122.17 	95878.22 	99717.75 	103279.04 	107002.59 	106875.22 	114739.2 p
A,OLD,TOTAL,MEUR_KP15,FI	9124.24 	9557.53 	10034.76 	10138.49 	10340.03 	10660.67 	10948.2 	11088.14 	11141.1 	11444.22 	11505.6 	11925.94 	12415.23 	12805.6 	13242.48 	13792.99 	14429.05 	15012 	15187.18 	16495.39 	17477.61 	18073.36 	19083.45 	20151.52 	21045.96 	21649.62 	22943.87 	23907.9 	24421.04 	25054.16 	25704.12 	25705.31 	25128.5 	25930.89 
A,OLD,TOTAL,MEUR_KP15,FR	128927.78 	134125.05 	139920.5 	145795.05 	150776.34 	155584.59 	156951.54 	163287.8 	168663.09 	175610.17 	177690.22 	182117.75 	185949.14 	190046.51 	195746.82 	201305.19 	209019.23 	217617.76 	223410.66 	236427.83 	242607.29 	249401.8 	255482.6 	262917.11 	268143.93 	272788.84 	277631.25 	280635.05 	283512.08 	287736.35 	287277.09 	288890.93 	290954.15 	288323.13 p
A,OLD,TOTAL,MEUR_KP15,HR	: 	: 	: 	: 	: 	: 	: 	: 	: 	: 	: 	: 	: 	: 	: 	: 	: 	: 	2556.32 e	2613.26 e	2570.63 e	2510.03 e	2417.76 e	2428.21 e	2481.27 e	2459.69 e	2581.94 e	2626.88 e	2718.86 e	2840.33 e	2948.24 	2970.63 e	2898.81 	3046.23 
A,OLD,TOTAL,MEUR_KP15,HU	: 	: 	: 	: 	: 	: 	: 	: 	: 	4739.74 	4712.23 	4886.1 	5222.06 	5549.79 	5787.72 	6123.72 	6452.01 	6611.25 	6894.1 	6621.67 	6757.8 	7066.68 	7331.2 	7765.01 	7759.71 	7843.51 b	7879.21 	7801.81 	7783.98 	7655.16 	7971.87 	7914.02 	7903.09 	8450.6 
A,OLD,TOTAL,MEUR_KP15,IE	: 	: 	: 	: 	: 	2010.43 	1905.4 	1956.32 	2047.83 	2113.44 	4778.56 b	5094.86 	4881.65 	4817.87 	5761.3 	6269.31 	6837.87 	8175.94 	8778.48 	9638.94 	11150.65 	11111.37 	11712.5 	11657.94 	11813.64 	12170.82 	12350.4 	13029.36 	13175.79 	13938.26 	14202.19 	14587.46 	13970.58 	14305.61 
A,OLD,TOTAL,MEUR_KP15,IS	: 	: 	: 	: 	: 	315.79 	324 	346.75 	382.22 	406.85 	435.21 	443.52 	470.85 	514.53 	521.84 	554.28 	574.3 	640.08 	645.19 	628.81 	596.2 	691.37 	707.1 	734.69 	797.84 	846.86 	931.14 	1092.36 	1164.41 	1239.24 	1361.64 	1363 	1352.79 	1450.51 
A,OLD,TOTAL,MEUR_KP15,IT	: 	: 	: 	: 	: 	104204.05 	115432.28 	121743.33 	124636.34 	128898.22 	129910.79 	132615.12 	135085.83 	137099.63 	139018.08 	140335.11 	141261.82 	145292 	147577.62 	155280.39 	158136.11 	161686.99 	165430.91 	173237.52 	179501.04 	186235 	188195.74 	190081.92 	191604.27 	182496.8 	187070.92 	189217.59 p	187237.83 p	194994.95 p
A,OLD,TOTAL,MEUR_KP15,LT	: 	: 	: 	: 	: 	: 	889.18 e	1001.64 e	1118.17 e	1230.23 e	1271.49 e	1216.86 e	1235.79 e	1309.41 e	1397.84 e	1512.42 e	1577.96 e	1837.61 e	2099.76 e	2150.82 e	1975.78 e	1916.86 e	1998.42 e	1997.97 e	1996.47 e	2020.29 e	2067.76 e	2129.98 e	2326.66 e	2426.67 e	2565.93 p	2648.76 p	2579.82 	2677.17 
A,OLD,TOTAL,MEUR_KP15,LU	: 	: 	: 	: 	: 	1865.02 	1902.01 	2009.76 	2016.63 	2069.97 	2110.1 	1251.42 	1346.51 	1422.54 	1454.82 	1524.27 	1570.74 	1605.36 	1653.73 	1795.58 	1818.65 	1890.07 	1995.4 	2115.97 	2310.04 	2546.21 	2640.88 	2800.24 	2931.31 	3087.31 	3313.42 	3524.37 	3617.02 	3900.56 
A,OLD,TOTAL,MEUR_KP15,LV	: 	: 	: 	: 	: 	: 	: 	888.14 e	991.9 e	1107.66 e	1045.94 e	1003.13 e	1029.03 e	994.99 e	975.11 e	1017.22 e	1138.46 e	1163.25 e	1249.2 e	1407.68 e	1701.25 e	1576.56 e	1592.41 e	1630.16 e	1608.91 e	1616.56 e	1637.62 e	1658.02 e	1741.26 e	1750.24 p	1849.19 p	1863.32 p	1848.53 e	1952.85 e
A,OLD,TOTAL,MEUR_KP15,ME	: 	: 	: 	: 	: 	: 	: 	: 	: 	: 	: 	: 	: 	: 	: 	: 	: 	: 	: 	: 	: 	: 	: 	: 	: 	: 	233.75 	238.21 	245.24 	251.64 	254.96 	257.49 	256.29 	273.83 p
A,OLD,TOTAL,MEUR_KP15,MK	: 	: 	: 	: 	: 	: 	: 	: 	: 	: 	: 	: 	: 	: 	: 	: 	: 	: 	: 	: 	: 	: 	: 	: 	: 	492.95 	530.6 	571.37 	: 	: 	: 	: 	: 	: 
A,OLD,TOTAL,MEUR_KP15,MT	: 	: 	: 	: 	: 	: 	: 	: 	: 	: 	308.66 	340.36 	346.2 	355.31 	355.49 	380.12 	398.18 	419.8 	445.15 	466.58 	512.64 	500.03 	520.65 	529.71 	547.73 	561.1 	595.47 	630.98 	643.32 	652.17 	681.84 	712.27 	706.96 	704.47 
A,OLD,TOTAL,MEUR_KP15,NL	: 	: 	: 	: 	: 	35221.19 	35991.25 	36773.88 	38659.62 	40417.36 	42182.76 	43325.9 	45231.88 	46828.43 	48059.65 	48365.87 	50509.35 	51479.65 	51779.37 	54240.05 	56674.01 	57284.22 	58128.86 	58408.46 	60886.72 	64241 	65374.18 	66011.37 	66329.14 	67677.09 	69834.59 	69707.59 	67112.99 	69685.57 
A,OLD,TOTAL,MEUR_KP15,NO	8663.18 	8922.9 	9199.11 	9401.32 	9625.21 	9801.66 	10184.7 	10503.11 	11145.75 	11570.7 	11765.12 	12004.26 	12247.86 	12697.73 	13146.45 	13810.57 	14280.39 	15079.8 	15920.6 	16607.7 	17407.88 	19044.38 	20763.15 	22112 	23647.46 	24653.49 	25382.11 	25983.36 	26522.19 	27160.14 	27455.6 	28356.66 	28680.42 	29508.49 
A,OLD,TOTAL,MEUR_KP15,PL	: 	: 	: 	: 	: 	: 	: 	: 	: 	: 	16837.67 	18351.68 	18666.84 	19382.59 	19530.85 	19614.07 	21058.09 	21401.95 	22411.69 	24666.74 	25845.86 	26822.03 	28794.51 	31142.21 	32415.39 	34064.61 	35539.14 	36287.61 	39532.83 	42095.91 	44172.94 	44832.09 	43782.76 	48256.25 
A,OLD,TOTAL,MEUR_KP15,PT	: 	: 	: 	: 	: 	8349.41 	8837.36 	9052.6 	9787.98 	10558.88 	11317.99 	12130.54 	12684.27 	13169.05 	14178.39 	14969.98 	15395.45 	15720.52 	16431.89 	17670.3 	17991.9 	18617.59 	18265.38 	19778.04 	19971.24 	19589.32 	19703.41 	19810.35 	20178.53 	20646.74 	21062.83 	21124.23 	21169.9 	21236.13 
A,OLD,TOTAL,MEUR_KP15,RO	: 	: 	: 	: 	: 	: 	: 	: 	: 	: 	3551.55 e	3828.91 e	4352 e	4226.49 e	4819.41 e	5224.56 e	5680.71 e	6805.81 e	8870.69 e	10270.25 e	10027.25 e	10149.01 e	9979.69 e	10131.77 e	10458.09 e	10907.24 e	11344.42 	12550.33 	13175.34 	13690.27 	15502.47 	16313.89 	15998.22 	16460.17 
A,OLD,TOTAL,MEUR_KP15,RS	: 	: 	: 	: 	: 	: 	: 	: 	: 	: 	: 	: 	: 	: 	: 	: 	: 	: 	3023.97 	3280.25 	3108.61 	3073.08 	3247.15 	3229.39 	3246.22 	3104.02 	3067.51 	2980.6 	3092.43 	3187.82 	3269.11 	3225.06 	3013.97 	3260.35 
A,OLD,TOTAL,MEUR_KP15,SE	: 	: 	: 	25956.62 	25933.01 	25895.24 	26086.87 	26386.21 	26495.59 	26549.85 	26544.67 	26484.48 b	27402.55 p	26879.25 p	27390.32 p	28476.64 p	28994.47 p	29884.77 p	32069.22 p	34300.62 p	35035.82 	36312.71 	38158.08 	40648.46 	40757.43 	42045.87 	43447.07 	44242.49 p	44293.71 p	44750.82 p	46128.59 p	46991.38 p	47988.02 p	47354.85 p
A,OLD,TOTAL,MEUR_KP15,SI	: 	: 	: 	: 	: 	: 	1761.86 	1875.39 	1990.19 	1997.84 	2094.41 	2182.65 	2314.56 	2372.88 	2459.87 	2200.87 	1942.42 	2072.15 	2059.04 	2267.15 	2290.43 	2327.69 	2320.92 	2395.19 	2488.71 	2606.26 	2720.76 	3212.37 	3326.36 	3439.53 	3655.29 p	3750.92 p	3794.34 	3778.86 
A,OLD,TOTAL,MEUR_KP15,SK	: 	: 	: 	: 	: 	2198.97 	2323.24 	2487.99 	2646.9 	2631.39 	2707.66 	2815.16 	3010.6 	3100.5 	3222.38 	3421.23 	3501.81 	3734.86 	3800.03 	4042.65 	4181.12 	4212.52 	4328.46 	4482.1 	4828.97 	5040.78 	5093.17 	5267.75 	5440.23 	5605.62 	5814.68 	5891.58 	5508.88 	6052.49 
A,OLD,TOTAL,MEUR_KP15,TR	: 	: 	: 	: 	: 	: 	: 	: 	: 	: 	11128.86 	11819.11 	13410.97 	16838.24 	19801.48 	22020.75 	23755.43 	26505.37 	26677.65 	30761.1 	32770.27 	34094.88 	36308.82 	38712.28 	40408.99 	42602.41 	48202.12 	47790.9 	50528.62 	49690.55 	49508.37 	47995.62 	42726.1 	53324.23 
A,OLD,TOTAL,MEUR_KP15,UK	: 	: 	: 	: 	: 	129966.39 	135055.75 	144519.31 	145398.44 	154079.86 	171412.21 	172345.9 	168750.87 	174156.19 	179331.79 	187745.02 	192547.02 	206333.6 	211768.67 	225218.8 	233631.63 	237461.89 	249425.25 	253970.9 	257786.96 	265239.06 	255021.1 	268781.7 	271008.92 p	: 	: 	: 	: 	: 
A,OLD,TOTAL,MIO_EUR,AL	: 	: 	: 	: 	: 	: 	: 	: 	: 	: 	: 	: 	: 	: 	: 	: 	: 	: 	: 	: 	: 	: 	: 	: 	: 	: 	: 	: 	693.83 p	767.73 p	773.05 p	880.01 p	947.84 	: 
A,OLD,TOTAL,MIO_EUR,AT	9968.02 	10876.62 	11842.68 	13302.81 	14206.87 	15360.7 	15689.96 	15625.3 	16108.99 	17085 	18058.82 	18872.66 	19498.24 	20376.61 	21233.92 	22236.62 	23622.33 	24942.13 	26499.28 	27812.56 	28910.4 	29864.97 	31497.75 	32987.53 	34785.77 	36255.36 	37438.78 	38715.04 	40396.31 	42991.04 	44579.78 	46856.76 	49683.73 	54281.11 
A,OLD,TOTAL,MIO_EUR,BA	: 	: 	: 	: 	: 	: 	: 	: 	: 	: 	: 	: 	: 	: 	: 	: 	: 	: 	: 	: 	: 	: 	: 	782.33 	844.06 	885.85 	878.39 	880.57 	1037.95 	1114.91 	1179.3 	1240.36 	1365.52 	1709.08 
A,OLD,TOTAL,MIO_EUR,BE	10889.3 	11979.34 	12997.23 	14785.8 	15694.98 	15908.86 	16403.38 	16330.33 	16824.24 	17424.6 	17948.72 	18705.99 	19571.52 	20256.28 	21264.36 	22237.42 	23290.64 	23774.44 	26053.18 	27699.88 	28856.1 	30788.11 	31223.6 	32826.73 	34167.66 	36257.59 	36899.69 	38885.4 	40771.54 	42464.38 	45017.41 	46039.87 	51018.16 	55925.59 
A,OLD,TOTAL,MIO_EUR,BG	: 	: 	: 	: 	: 	: 	: 	: 	: 	: 	: 	: 	: 	: 	: 	1281.08 	1408.71 	1561.21 	1878.26 	2312.85 	2511.23 	2573.69 	2572.54 	2750.26 	2890.27 	3025.19 	3136.49 	3257.93 	3442.44 	3550.58 	3946.33 	4371.2 	5737.44 	7142.43 
A,OLD,TOTAL,MIO_EUR,CH	12091.98 	13120.91 	13965.87 	16004.4 	17734.74 	19587.72 	19820.55 	19750.1 	21027.03 	22218.34 	23658.77 	25512.92 	26675.42 	26735.25 	25178.28 	25760.06 	25901.82 	26307.17 	28265.96 	31616.56 	35424.02 	41545.77 	44048.18 	44408.88 	46546.88 	54629.12 	54836.79 	55027.86 	54283.71 	58085.91 	61957.12 	62825.29 	67030.66 p	72019.05 p
A,OLD,TOTAL,MIO_EUR,CY	: 	: 	: 	: 	: 	: 	: 	: 	: 	: 	442.25 	482.08 	547.91 	614.69 	649.62 	714.83 	770.67 	828.5 	921.99 	987 	970.31 	1052.48 	1134.7 	1199.9 	1257.16 	1311.54 	1337.88 	1395.83 	1448.51 	1511.88 	1572.23 	1658.59 	1765.08 	1877.94 
A,OLD,TOTAL,MIO_EUR,CZ	: 	: 	: 	: 	: 	2338.39 	2775.77 	3200.12 	3451.2 	3556.83 	3850.8 	4229.39 	5043.44 	5078.45 	5392.38 	6274.22 	7001.08 	7851.16 	9527.29 	9840.67 	10575.07 	11526.2 	11759.21 	11722.01 	11329.58 	11710.26 	12110.35 	12995.74 	14094.14 	15449.57 	16610.8 	17601.96 	20224.09 	24144.13 
A,OLD,TOTAL,MIO_EUR,DE	: 	100001.88 	113216.83 	126016.98 	135787.73 	148690.54 	151227.35 	152588.74 	157442.23 	164150.39 	171019.07 	179466.89 	186447.85 	192820.72 	198062.07 	202623.69 	207060.2 	211909.99 	217395.11 	224216.18 	228177.73 	229665 	234583.42 	240248.19 	252757.11 	265407.27 	276951.65 	287743.11 	299505.3 	315431.47 	329643.04 	340236.6 	354482.93 	373375.57 p
A,OLD,TOTAL,MIO_EUR,DK	6305.68 	6630.3 	6983.4 	7522.02 	9510.27 	10005.33 	10252.18 	10314.87 	10554.38 	11002.68 	11428.46 	12063.93 	12601.08 	13262.67 	13862.02 	15163.11 	15997.71 	18196.26 b	18677.62 	20114.05 	20806.3 	21834.11 	22756.07 	25341.26 	27123.18 	27345.4 	26834.65 	28417.85 	29395.85 	30535.96 	31041.78 	30813.75 	31602.26 	32458.8 p
A,OLD,TOTAL,MIO_EUR,EE	: 	: 	: 	: 	: 	: 	: 	: 	: 	337.78 	345.41 	301.91 	334.77 	372.66 	416.8 	462.26 	551.52 	636.62 	778.9 	831.38 	952.96 	825.86 	862.56 	898.06 	947.72 	1015.04 	1055.69 	1099.56 	1196.8 	1299.16 	1422.39 	1503.81 	1617.46 	1854.12 
A,OLD,TOTAL,MIO_EUR,EL	4804.24 	4997.43 	5205.61 	5678.54 	6074.16 	6610.79 	7479.99 	8270.14 	8996.59 	9772.44 	11503.55 b	12709.84 	13721.53 	14902.52 	16608.05 	18127.04 	19863.37 	21309.92 	23926.26 	25509.32 	25192.14 	25911.03 	26183.35 	23335.32 	23902.62 	25237.67 	24801.92 	24031.44 	23562.52 	24026.51 	23747.91 	24117.54 	24035.71 	25406.72 p
A,OLD,TOTAL,MIO_EUR,ES	26379.12 	29881.18 	32748.96 	31854.72 	31860.6 	34024.99 	37343.76 	38274.96 	39942.54 	42374.51 	37468.75 	39234.64 	41578.45 	43800.73 	45824.89 	48897.44 	52376.1 	58680.01 	62028.14 	65710.56 	69238.22 	72037.25 	75232.83 	80200.71 	83404.94 	86751.21 	90234.8 	93630.21 	98831.27 	104111.31 	108168.27 	114481 	121691.33 	136601.61 p
A,OLD,TOTAL,MIO_EUR,FI	6430.95 	6886.3 	6437.2 	5819.8 	6471.41 	7303.95 	7444.89 	7599.37 	7650.81 	8032.7 	8326.95 	8916.07 	9491.94 	9946.49 	10390.32 	10978.25 	11704.42 	12465.52 	13099.85 	14551.24 	15664.31 	16759.43 	18264.58 	19752.72 	20916.11 	21649.62 	22894.08 	24036.76 	24886.5 	25846.12 	26840.49 	27434.77 	28426.36 	30765.19 
A,OLD,TOTAL,MIO_EUR,FR	86506.67 	91547.05 	99903.24 	109368.16 	115420.79 	122079.45 	125689.94 	129799.1 	134977.7 	141597.99 	146324.34 	152860.54 	158517.92 	165080.1 	173498.23 	181863.13 	192738.72 	204401.84 	215365.64 	225712.92 	234162.13 	244376.35 	253078.51 	262010.05 	267607.65 	272788.84 	277992.17 	283421.76 	290787 	297625.85 	305453.11 	310268.86 	324367.32 	341057.43 p
A,OLD,TOTAL,MIO_EUR,HR	: 	: 	: 	: 	: 	: 	: 	: 	: 	: 	: 	: 	: 	: 	: 	: 	: 	: 	2437.99 e	2525.8 e	2536.13 e	2478.41 e	2422.57 e	2449.43 e	2478.61 e	2459.69 e	2586.41 e	2681.73 e	2839.25 e	3000.73 e	3094.98 	3201.72 e	3417.58 	3909.65 
A,OLD,TOTAL,MIO_EUR,HU	: 	: 	: 	: 	: 	: 	: 	: 	: 	2777.72 	2971.86 	3417.19 	4146.47 	4478.35 	4953.89 	5513.43 	5617.31 	6449.47 	7093.4 	6314.36 	6774.69 	7164.98 	7507.44 	7837.93 	7696.09 	7843.51 b	7956.04 	8247.21 	8295.78 	8356.84 	8446.35 	8767.3 	9103.8 	11340.11 
A,OLD,TOTAL,MIO_EUR,IE	1152.68 	1204.9 	1264.53 	1256.14 	1291.2 	1266.95 	1273.89 	1431.56 	1480.09 	1575.99 	3738.56 b	4175.8 	4220.04 	4341.48 	5326.78 	5910.27 	6633.15 	8181.74 	8969.5 	9340.62 	10591 	10692.25 	11398.6 	11475.14 	11765.56 	12170.82 	12410.06 	13245.38 	13594.65 	14653.71 	14987.14 	15811.49 	16173.6 	17824.64 
A,OLD,TOTAL,MIO_EUR,IS	157.6 	183.91 	187.37 	189.17 	190.23 	197.46 	210.59 	242.21 	275.23 	314.75 	378.74 	347.8 	400.26 	444.58 	463.95 	557.79 	554.39 	651.39 	454.11 	421.61 	440.88 	531 	575.35 	616.62 	729.46 	846.86 	1058.19 	1393.57 	1459.95 	1517.31 	1539.13 	1653.31 	1860.21 	2048.8 
A,OLD,TOTAL,MIO_EUR,IT	81548.14 	89967.81 	97277.4 	89901.81 	92874.4 	61962.85 	77815.21 	85342.08 	88378.38 	93370 	97133 	101802 	106707 	111632 	116151 	120270 	124624 	130911 	137228 	144212 	149135 	156340 	163679 	173092 	179589 	186235 	189212 	193511 	197293 	189689 	196026 	201284 p	211575 p	229901 p
A,OLD,TOTAL,MIO_EUR,LT	: 	: 	: 	: 	: 	: 	351.49 e	493.36 e	595.93 e	684.66 e	783.74 e	791.48 e	834.07 e	874.64 e	935.72 e	1048.03 e	1155.25 e	1434.13 e	1839.1 e	1958.77 e	1818.03 e	1843.6 e	1972.3 e	1988.36 e	1994.01 e	2020.29 e	2098.48 e	2251.29 e	2543.91 e	2745.53 e	3001.08 p	3268.02 p	3725.9 	4234.5 
A,OLD,TOTAL,MIO_EUR,LU	707.12 	843.14 	914.81 	1038.02 	1136.01 	1248.97 	1272.31 	1318.1 	1338.9 	1426 	1496 	912.9 	1002.95 	1095.14 	1151.65 	1248.82 	1321.23 	1385.46 	1474.01 	1597.9 	1656.33 	1775.78 	1920.24 	2069.97 	2283.8 	2546.21 	2662.64 	2892.54 	3076.56 	3303.24 	3596.29 	3878.04 	4188.22 	4757.83 
A,OLD,TOTAL,MIO_EUR,LV	: 	: 	: 	: 	: 	: 	: 	440.51 e	516.35 e	626.67 e	688.59 e	678.58 e	693.74 e	636.34 e	642.34 e	695.57 e	835.54 e	954.17 e	1178.06 e	1326.42 e	1552.07 e	1505.48 e	1571.56 e	1612.21 e	1600.72 e	1616.56 e	1649.14 e	1720.49 e	1865.05 e	1969.72 p	2113.76 p	2241.52 p	2512.91 e	2864.87 e
A,OLD,TOTAL,MIO_EUR,ME	: 	: 	: 	: 	: 	: 	: 	: 	: 	: 	: 	: 	: 	: 	: 	: 	: 	: 	: 	: 	: 	: 	: 	: 	: 	: 	236.79 	246.42 	258.6 	264.95 	274.73 	283.85 	313.84 	364.1 p
A,OLD,TOTAL,MIO_EUR,MK	: 	: 	: 	: 	: 	: 	: 	: 	: 	: 	: 	: 	: 	: 	: 	: 	: 	: 	: 	: 	: 	: 	: 	: 	: 	492.95 	528.47 	577.19 	: 	: 	: 	: 	: 	: 
A,OLD,TOTAL,MIO_EUR,MT	: 	: 	: 	: 	: 	145.16 	169.57 	186.48 	200.92 	216.51 	238.94 	272.68 	277.69 	276.54 	283.97 	310.53 	334.29 	357.26 	393.86 	422.42 	476.35 	474.84 	506.83 	520.81 	540.26 	561.1 	600.68 	641.65 	661.98 	686.24 	729.21 	772.02 	804.35 	848.96 
A,OLD,TOTAL,MIO_EUR,NL	18993.22 	19890.51 	21303.39 	23149.53 	23547.46 	24975.7 	25369.51 	25687.29 	27406.58 	29459 	31713 	33802 	36731 	39061 	40670 	41673 	44723 	46708 	48073 	50293 	53481 	55053 	56621 	57860 	60810 	64241 	65788 	67694 	69566 	72851 	76839 	79933 	82351 	91309 
A,OLD,TOTAL,MIO_EUR,NO	5277.7 	5579.76 	5856.06 	5924.15 	6087.65 	6429.98 	6866.12 	7425.07 	7701.82 	8332.41 	8963.14 	9509.53 	10611.06 	10663.93 	10721.59 	11931.22 	12587.59 	13600.02 	14605.72 	14782.18 	17305.17 	19847.67 	22939.54 	24033.53 	24668.8 	24653.49 	25131.08 	26209.67 	26751.34 	27431.47 	26203.63 	29433.07 	31547.31 	30436.53 
A,OLD,TOTAL,MIO_EUR,PL	: 	: 	: 	: 	: 	: 	: 	: 	: 	: 	12290.82 	15166.93 	15095.69 	13852.35 	14165.33 	16371.47 	18477.42 	19875.99 	23424.48 	21551.57 	25108.48 	26405.75 	28790.77 	31153.11 	32451.04 	34064.61 	33885.86 	36159.52 	40029.37 	43248.91 	45396.53 	47343.58 	51333.97 	63970.9 
A,OLD,TOTAL,MIO_EUR,PT	2549.11 	3198.95 	3970.63 	4255.87 	4501.32 	5389.46 	5896.64 	6168.26 	6744.6 	7530.7 	8407.68 	9386.37 	10188.64 	10945.19 	12095.16 	13230.62 	14043.43 	14738.31 	15805.34 	16767.52 	17333.58 	18112.87 	17852.21 	19565.03 	19854.21 	19589.32 	19943.99 	20408.03 	21147.3 	21856.43 	22546.28 	23066.18 	24634.14 	25819.73 
A,OLD,TOTAL,MIO_EUR,RO	: 	: 	: 	: 	: 	: 	: 	: 	: 	: 	2060.54 e	2316.57 e	2639.27 e	2513.12 e	3013.58 e	3943.49 e	4654.26 e	6362.55 e	8442.68 e	8832.21 e	9348.71 e	9734.63 e	9477.51 e	9913.33 e	10315.03 e	10907.24 e	11549.19 	12899.23 	13947.28 	15071.21 	17175.03 	18602.4 	20614.35 	23158.64 
A,OLD,TOTAL,MIO_EUR,RS	: 	: 	: 	: 	: 	: 	: 	: 	: 	: 	: 	: 	: 	: 	: 	: 	: 	: 	2951.4 	3007.53 	2783.48 	3072.65 	3132.37 	3319.94 	3285.69 	3104.02 	3046.07 	3101.1 	3363.55 	3542.72 	3695.67 	3837.76 	4014.7 	4879.41 
A,OLD,TOTAL,MIO_EUR,SE	: 	: 	: 	17564.33 	17975.47 	18175.61 	20443.23 	20746.95 	20386.5 	21071.02 	22330.44 	20912.15 b	22422.96 p	22730.98 p	23409.69 p	24241.88 p	25143.72 p	26477.01 p	28160.62 p	27709.41 p	31944.26 	35632.57 	39304.35 	42604.06 	41251.42 	42045.87 	43557.86 	44584.49 p	43189.03 p	43262.41 p	46018.81 p	49486.62 p	51166.27 p	50096.7 p
A,OLD,TOTAL,MIO_EUR,SI	: 	: 	: 	: 	: 	: 	1172.08 	1289.56 	1426.71 	1460.36 	1557.15 	1665.64 	1829.87 	1913.61 	2004.99 	1831.55 	1657.72 	1836.54 	1933.79 	2140.35 	2208.14 	2288.19 	2315 	2411.11 	2501.85 	2606.26 	2723.46 	3270.42 	3457.08 	3640.12 	3896.06 p	4150.47 p	4536.29 	4878.47 
A,OLD,TOTAL,MIO_EUR,SK	: 	: 	: 	: 	: 	775.95 	862.67 	983 	1066.94 	1040.42 	1198.66 	1293.51 	1446.47 	1636.26 	1893.86 	2151.27 	2400.66 	2889.51 	3319.86 	3683.02 	3849.89 	4022.53 	4272.67 	4481.96 	4829.79 	5040.78 	5085.38 	5332.23 	5613.72 	5912.3 	6268.16 	6545.13 	6774.27 	8193.19 
A,OLD,TOTAL,MIO_EUR,TR	: 	: 	: 	: 	: 	: 	: 	: 	: 	: 	9188.99 	7600.64 	9156.87 	12052.47 	15001.6 	19139.78 	21029.02 	25322.43 	26478.1 	28246.99 	34891.49 	33304.56 	38691.76 	39994.05 	39157.11 	42602.41 	46489.49 	41525.99 	36198.7 	36635.35 	32442.34 	29213.97 	28469.68 	39025.34 
A,OLD,TOTAL,MIO_EUR,UK	63649.34 	73586.81 	77360.4 	77991.9 	81478.31 	79536.83 	87148.77 	110560.16 	115610.66 	126832.38 	154037.87 	152908.73 	149894.65 	143565.66 	154017.31 	163985.89 	173966.23 	190458.3 	174548.21 	167779 	183648.48 	189922.02 	217169.58 	214557.16 	232626.96 	265239.06 	228746.27 	229243.91 	234430.84 p	: 	: 	: 	: 	: 
A,OLD,TOTAL,PC_GDP,AL	: 	: 	: 	: 	: 	: 	: 	: 	: 	: 	: 	: 	: 	: 	: 	: 	: 	: 	: 	: 	: 	: 	: 	: 	: 	: 	: 	: 	5.33 p	5.52 p	5.78 p	5.77 p	5.25 	: 
A,OLD,TOTAL,PC_GDP,AT	: 	: 	: 	: 	: 	8.37 	8.44 	8.36 	8.31 	8.41 	8.5 	8.6 	8.66 	8.84 	8.83 	8.81 	8.88 	8.84 	9.08 	9.72 	9.83 	9.69 	9.95 	10.27 	10.54 	10.6 	10.53 	10.54 	10.54 	10.86 	11.72 	11.53 	11.06 	11.36 
A,OLD,TOTAL,PC_GDP,BA	: 	: 	: 	: 	: 	: 	: 	: 	: 	: 	: 	: 	: 	: 	: 	: 	: 	: 	: 	: 	: 	: 	: 	5.71 	6.03 	5.99 	5.68 	5.42 	5.98 	6.09 	6.64 	6.2 	5.85 	6.7 
A,OLD,TOTAL,PC_GDP,BE	: 	: 	: 	: 	: 	7.22 	7.46 	7.32 	7.28 	7.19 	7 	7.08 	7.16 	7.2 	7.16 	7.17 	7.16 	6.92 	7.41 	7.97 	7.94 	8.13 	8.05 	8.32 	8.44 	8.73 	8.61 	8.77 	8.87 	8.86 	9.71 	9.1 	9.09 	9.28 
A,OLD,TOTAL,PC_GDP,BG	: 	: 	: 	: 	: 	: 	: 	: 	: 	: 	: 	: 	: 	: 	: 	5.33 	5.14 	4.81 	5.04 	6.18 	6.56 	6.2 	6.09 	6.54 	6.72 	6.61 	6.43 	6.21 	6.15 	5.8 	6.38 	6.13 	6.67 	7.56 
A,OLD,TOTAL,PC_GDP,CH	: 	: 	: 	: 	: 	7.26 	7.39 	7.59 	7.75 	7.95 	7.82 	7.97 	8.12 	8.34 	7.74 	7.66 	7.36 	7.34 	7.3 	7.92 	7.83 	8.06 	8.25 	8.35 	8.49 	8.73 	8.82 	8.94 	8.84 	9.01 	9.52 	9.12 	8.51 p	8.71 p
A,OLD,TOTAL,PC_GDP,CY	: 	: 	: 	: 	: 	: 	: 	: 	: 	: 	4.09 	4.15 	4.53 	4.78 	4.66 	4.75 	4.74 	4.71 	4.85 	5.28 	4.99 	5.3 	5.82 	6.65 	7.19 	7.31 	7.04 	6.87 	6.64 	6.46 	7.03 	6.46 	5.95 	5.79 
A,OLD,TOTAL,PC_GDP,CZ	: 	: 	: 	: 	: 	5.05 	5.2 	5.8 	5.74 	5.79 	5.71 	5.56 	5.74 	5.71 	5.57 	5.68 	5.62 	5.65 	5.89 	6.59 	6.63 	6.92 	7.18 	7.3 	7.13 	6.87 	6.76 	6.61 	6.6 	6.73 	7.54 	7.15 	7.05 	7.57 
A,OLD,TOTAL,PC_GDP,DE	: 	6.59 	6.84 	7.1 	7.27 	7.5 	7.66 	7.79 	7.84 	7.9 	8.03 	8.17 	8.39 	8.6 	8.64 	8.71 	8.53 	8.34 	8.4 	8.99 	8.72 	8.36 	8.38 	8.38 	8.47 	8.6 	8.67 	8.63 	8.72 	8.92 	9.55 	9.24 	8.89 	8.85 p
A,OLD,TOTAL,PC_GDP,DK	5.79 	5.89 	5.91 	6.16 	7.23 	7.08 	6.94 	6.75 	6.68 	6.59 	6.42 	6.55 	6.63 	6.85 	6.83 	7.11 	7.08 	7.78 b	7.7 	8.66 	8.55 	8.8 	8.95 	9.76 	10.21 	10.05 	9.51 	9.65 	9.77 	9.9 	9.95 	8.98 	8.3 	8.67 p
A,OLD,TOTAL,PC_GDP,EE	: 	: 	: 	: 	: 	: 	: 	: 	: 	6.25 	5.6 	4.32 	4.28 	4.26 	4.26 	4.07 	4.06 	3.88 	4.69 	5.88 	6.46 	4.93 	4.77 	4.69 	4.65 	4.83 	4.76 	4.52 	4.53 	4.56 	5.11 	4.78 	4.46 	4.83 
A,OLD,TOTAL,PC_GDP,EL	: 	: 	: 	: 	: 	6.41 	6.66 	6.75 	7.21 	7.26 	8.35 b	8.62 	8.64 	8.56 	8.79 	9.31 	9.27 	9.29 	10.02 	10.89 	11.27 	12.73 	14.08 	13.1 	13.58 	14.39 	14.22 	13.55 	13.05 	12.97 	14.17 	13.07 	11.61 	11.31 p
A,OLD,TOTAL,PC_GDP,ES	: 	: 	: 	: 	: 	7.24 	7.38 	7.35 	7.22 	7.12 	5.79 	5.6 	5.55 	5.46 	5.33 	5.27 	5.21 	5.45 	5.58 	6.12 	6.43 	6.74 	7.26 	7.82 	8.03 	7.98 	8.04 	8 	8.15 	8.3 	9.58 	9.27 	8.84 	9.12 p
A,OLD,TOTAL,PC_GDP,FI	5.77 	6.67 	7.42 	7.66 	7.43 	7.12 	7.16 	6.79 	6.39 	6.33 	6.11 	6.17 	6.39 	6.56 	6.55 	6.67 	6.77 	6.66 	6.74 	8.01 	8.33 	8.48 	9.12 	9.71 	10.16 	10.3 	10.61 	10.7 	10.73 	10.84 	11.35 	11.03 	10.68 	11.28 
A,OLD,TOTAL,PC_GDP,FR	8.73 	8.99 	9.3 	9.75 	9.87 	10 	9.98 	10.15 	10.09 	10.15 	9.93 	9.99 	10.04 	10.18 	10.23 	10.32 	10.44 	10.55 	10.82 	11.66 	11.73 	11.85 	12.12 	12.36 	12.43 	12.39 	12.46 	12.37 	12.35 	12.24 	13.18 	12.37 	12.22 	12.07 p
A,OLD,TOTAL,PC_GDP,HR	: 	: 	: 	: 	: 	: 	: 	: 	: 	: 	: 	: 	: 	: 	: 	: 	: 	: 	5.02 e	5.51 e	5.52 e	5.42 e	5.4 e	5.47 e	5.6 e	5.41 e	5.44 e	5.34 e	5.35 e	5.38 e	6.1 	5.48 e	5.05 	4.94 
A,OLD,TOTAL,PC_GDP,HU	: 	: 	: 	: 	: 	: 	: 	: 	: 	6.02 	5.79 	5.69 	5.78 	5.94 	5.91 	6.06 	6.1 	6.3 	6.55 	6.69 	6.8 	7.03 	7.51 	7.67 	7.24 	6.95 b	6.82 	6.48 	6.07 	5.67 	6.08 	5.66 	5.4 	5.75 
A,OLD,TOTAL,PC_GDP,IE	: 	: 	: 	: 	: 	2.4 	2.13 	1.96 	1.84 	1.7 	3.45 b	3.42 	3.1 	2.98 	3.41 	3.47 	3.59 	4.15 	4.79 	5.51 	6.33 	6.18 	6.45 	6.27 	5.87 	4.47 	4.5 	4.3 	4.06 	4.03 	3.93 	3.53 	3.11 	3.4 
A,OLD,TOTAL,PC_GDP,IS	: 	: 	: 	: 	: 	3.51 	3.49 	3.56 	3.58 	3.69 	3.83 	3.75 	4 	4.34 	4.12 	4.04 	3.92 	4.06 	4.07 	4.46 	4.19 	4.8 	4.95 	5.04 	5.36 	5.31 	5.55 	6.27 	6.46 	6.8 	7.97 	7.45 	6.71 	6.99 
A,OLD,TOTAL,PC_GDP,IT	: 	: 	: 	: 	: 	6.88 	7.51 	7.77 	7.77 	7.93 	7.8 	7.78 	7.87 	7.98 	7.97 	8.02 	7.99 	8.07 	8.35 	9.1 	9.22 	9.43 	10.02 	10.68 	10.98 	11.2 	11.1 	11.09 	11.1 	10.51 	11.74 	10.92 p	10.59 p	10.73 p
A,OLD,TOTAL,PC_GDP,LT	: 	: 	: 	: 	: 	: 	5.29 e	5.5 e	5.92 e	6.62 e	6.27 e	5.78 e	5.5 e	5.25 e	5.11 e	4.99 e	4.81 e	4.94 e	5.63 e	7.26 e	6.57 e	5.93 e	5.93 e	5.7 e	5.48 e	5.4 e	5.41 e	5.33 e	5.54 e	5.58 e	5.97 p	5.76 p	5.55 	5.7 
A,OLD,TOTAL,PC_GDP,LU	: 	: 	: 	: 	: 	7.83 	7.73 	7.63 	7.44 	6.94 	6.51 	3.82 	4.01 	4.18 	4.09 	4.12 	3.87 	3.68 	3.68 	4.09 	3.91 	4.01 	4.13 	4.22 	4.41 	4.7 	4.74 	4.97 	5.11 	5.29 	5.58 	5.31 	5.46 	5.79 
A,OLD,TOTAL,PC_GDP,LV	: 	: 	: 	: 	: 	: 	: 	7.87 e	8.29 e	9.15 e	8.18 e	7.39 e	7.05 e	6.35 e	5.72 e	5.26 e	5.08 e	4.42 e	5.04 e	7.21 e	8.83 e	7.91 e	7.39 e	7.33 e	7.02 e	6.81 e	6.73 e	6.61 e	6.62 e	6.66 p	7.23 p	6.94 p	6.96 e	7.24 e
A,OLD,TOTAL,PC_GDP,ME	: 	: 	: 	: 	: 	: 	: 	: 	: 	: 	: 	: 	: 	: 	: 	: 	: 	: 	: 	: 	: 	: 	: 	: 	: 	: 	6.02 	5.79 	5.62 	5.41 	6.63 	5.77 	5.28 	5.15 p
A,OLD,TOTAL,PC_GDP,MK	: 	: 	: 	: 	: 	: 	: 	: 	: 	: 	: 	: 	: 	: 	: 	: 	: 	: 	: 	: 	: 	: 	: 	: 	: 	5.43 	5.47 	5.75 	: 	: 	: 	: 	: 	: 
A,OLD,TOTAL,PC_GDP,MT	: 	: 	: 	: 	: 	5.11 	5.63 	5.58 	5.61 	5.62 	5.46 	6 	5.88 	5.76 	5.78 	6.05 	6.21 	6.18 	6.32 	6.72 	6.94 	6.75 	6.78 	6.41 	6.04 	5.49 	5.53 	5.12 	4.84 	4.7 	5.08 	4.63 	4.47 	4.06 
A,OLD,TOTAL,PC_GDP,NL	: 	: 	: 	: 	: 	7.21 	7.13 	6.97 	6.99 	7.01 	7.01 	7 	7.3 	7.59 	7.65 	7.53 	7.61 	7.5 	7.38 	7.98 	8.32 	8.39 	8.6 	8.69 	8.96 	9.19 	9.14 	9.02 	8.84 	8.78 	9.41 	8.97 	8.29 	8.69 
A,OLD,TOTAL,PC_GDP,NO	5.59 	5.66 	5.79 	5.75 	5.68 	5.53 	5.34 	5.22 	5.6 	5.47 	4.82 	4.89 	5.09 	5.26 	5.02 	4.79 	4.55 	4.62 	4.58 	5.29 	5.32 	5.5 	5.75 	6.07 	6.52 	7.05 	7.49 	7.36 	7.18 	7.51 	8.12 	6.92 	5.56 	6.82 
A,OLD,TOTAL,PC_GDP,PL	: 	: 	: 	: 	: 	: 	: 	: 	: 	: 	6.55 	7.09 	7.15 	7.17 	6.84 	6.63 	6.71 	6.32 	6.38 	6.78 	6.96 	6.96 	7.43 	7.98 	7.94 	7.88 	7.92 	7.71 	7.94 	8.03 	8.54 	8.12 	7.76 	8.51 
A,OLD,TOTAL,PC_GDP,PT	: 	: 	: 	: 	: 	5.92 	6.1 	5.97 	6.09 	6.3 	6.55 	6.91 	7.15 	7.49 	7.94 	8.34 	8.45 	8.4 	8.82 	9.56 	9.64 	10.27 	10.59 	11.46 	11.46 	10.92 	10.7 	10.44 	10.32 	10.19 	11.22 	10.65 	10.1 	9.55 
A,OLD,TOTAL,PC_GDP,RO	: 	: 	: 	: 	: 	: 	: 	: 	: 	: 	5.08 e	5.13 e	5.42 e	4.92 e	4.99 e	4.98 e	4.79 e	4.99 e	5.76 e	7.05 e	7.29 e	7.03 e	6.8 e	6.94 e	6.85 e	6.8 e	6.9 	6.92 	6.81 	6.75 	7.81 	7.72 	7.34 	7.2 
A,OLD,TOTAL,PC_GDP,RS	: 	: 	: 	: 	: 	: 	: 	: 	: 	: 	: 	: 	: 	: 	: 	: 	: 	: 	7.96 	8.9 	8.48 	8.33 	8.93 	8.74 	8.88 	8.34 	7.98 	7.6 	7.52 	7.36 	7.54 	6.86 	6.32 	6.49 
A,OLD,TOTAL,PC_GDP,SE	: 	: 	: 	9.68 	9.33 	8.9 	8.89 	8.76 	8.44 	8.19 	7.83 	7.73 b	7.89 p	7.68 p	7.56 p	7.69 p	7.46 p	7.39 p	7.98 p	8.85 p	8.58 	8.68 	9.19 	9.69 	9.47 	9.3 	9.39 	9.39 p	9.27 p	9.12 p	9.63 p	9.27 p	9.35 p	9.36 p
A,OLD,TOTAL,PC_GDP,SI	: 	: 	: 	: 	: 	: 	6.93 	7.05 	7.24 	6.91 	7.17 	7.24 	7.41 	7.36 	7.3 	6.33 	5.3 	5.26 	5.12 	5.97 	6.13 	6.22 	6.44 	6.69 	6.71 	6.77 	6.81 	7.67 	7.6 	7.56 	8.34 p	7.98 p	7.97 	7.62 
A,OLD,TOTAL,PC_GDP,SK	: 	: 	: 	: 	: 	5 	5.01 	5.06 	5.23 	5.33 	5.36 	5.42 	5.5 	5.47 	5.47 	5.48 	5.27 	5.13 	5.03 	5.75 	5.6 	5.62 	5.8 	6 	6.31 	6.27 	6.23 	6.28 	6.22 	6.25 	6.65 	6.42 	6.16 	6.63 
A,OLD,TOTAL,PC_GDP,TR	: 	: 	: 	: 	: 	: 	: 	: 	: 	: 	3.07 	3.38 	3.63 	4.32 	4.56 	4.7 	4.76 	5.07 	5 	6.03 	5.92 	5.51 	5.63 	5.53 	5.52 	5.48 	5.91 	5.43 	5.43 	5.29 	5.08 	4.13 	3.23 	3.71 
A,OLD,TOTAL,PC_GDP,UK	7.38 	7.96 	8.49 	8.6 	8.48 	7.75 	7.82 	8.04 	7.84 	8.04 	8.57 	8.35 	7.94 	7.91 	7.93 	8.05 	8.06 	8.43 	8.75 	9.65 	9.81 	9.93 	10.29 	10.23 	10.07 	10.03 	9.4 	9.71 	9.68 p	: 	: 	: 	: 	: 
